relationships,funding_rounds,funding_total_usd,milestones,is_CA,is_NY,is_MA,is_TX,is_otherstate,is_software,is_web,is_mobile,is_enterprise,is_advertising,is_gamesvideo,is_ecommerce,is_biotech,is_consulting,is_othercategory,has_VC,has_angel,has_roundA,has_roundB,has_roundC,has_roundD,avg_participants,is_top500,status
3,3,375000,3,1,0,0,0,0,0,0,0,0,0,0,0,0,0,1,0,1,0,0,0,0,1.0,0,True
9,4,40100000,1,1,0,0,0,0,0,0,0,1,0,0,0,0,0,0,1,0,0,1,1,1,4.75,1,True
5,1,2600000,2,1,0,0,0,0,0,1,0,0,0,0,0,0,0,0,0,0,1,0,0,0,4.0,1,True
5,3,40000000,1,1,0,0,0,0,1,0,0,0,0,0,0,0,0,0,0,0,0,1,1,1,3.3333,1,True
2,2,1300000,1,1,0,0,0,0,0,0,0,0,0,1,0,0,0,0,1,1,0,0,0,0,1.0,1,False
3,1,7500000,1,1,0,0,0,0,0,0,0,0,0,0,0,0,0,1,0,0,0,1,0,0,3.0,1,False
6,3,26000000,2,1,0,0,0,0,1,0,0,0,0,0,0,0,0,0,1,0,1,1,0,0,1.6667,1,True
13,3,9650000,4,0,0,1,0,0,0,0,1,0,0,0,0,0,0,0,1,0,1,0,0,1,4.0,1,True
14,3,5750000,4,1,0,0,0,0,0,1,0,0,0,0,0,0,0,0,1,1,1,0,0,0,1.0,1,True
8,5,10400000,2,1,0,0,0,0,0,1,0,0,0,0,0,0,0,0,1,1,1,0,0,0,1.75,1,False
0,1,350000,0,0,0,0,0,1,0,1,0,0,0,0,0,0,0,0,1,0,0,0,0,0,1.0,0,False
15,3,9950000,3,0,1,0,0,0,0,0,0,0,0,0,0,0,0,1,0,0,1,1,1,0,2.3333,1,True
12,5,10700000,1,0,0,0,0,1,1,0,0,0,0,0,0,0,0,0,0,0,1,1,0,0,2.5,1,True
0,1,200000,0,0,0,0,0,1,0,0,0,0,0,0,0,0,0,1,1,0,0,0,0,0,1.0,0,False
8,5,49000000,1,1,0,0,0,0,0,0,0,0,0,0,0,0,0,1,1,0,1,1,1,1,3.5,1,False
7,4,25000000,3,1,0,0,0,0,0,0,0,0,0,1,0,0,0,0,0,0,1,1,1,1,3.5,1,True
10,3,4575000,3,0,1,0,0,0,0,1,0,0,0,0,0,0,0,0,0,1,1,0,0,0,5.0,1,True
13,2,28000000,3,1,0,0,0,0,0,0,0,1,0,0,0,0,0,0,0,0,1,1,0,0,1.0,1,False
8,2,4355000,3,0,0,0,1,0,1,0,0,0,0,0,0,0,0,0,0,1,1,0,0,0,1.5,0,True
3,1,15000000,1,0,0,0,0,1,0,0,0,0,0,0,0,0,0,1,0,0,0,1,0,0,2.0,1,False
1,1,3170000,1,1,0,0,0,0,0,1,0,0,0,0,0,0,0,0,0,0,1,0,0,0,2.0,0,False
4,2,2300000,3,1,0,0,0,0,0,0,1,0,0,0,0,0,0,0,0,1,1,0,0,0,2.0,0,False
5,2,455000,0,0,0,0,0,1,0,0,0,0,0,0,0,0,0,1,0,1,1,0,0,0,4.5,1,False
3,1,13000000,1,0,0,0,0,1,1,0,0,0,0,0,0,0,0,0,0,0,0,0,1,0,4.0,1,True
7,1,15000000,1,1,0,0,0,0,0,0,0,0,0,0,0,0,0,1,0,0,0,0,1,0,4.0,1,True
2,1,3800000,3,1,0,0,0,0,0,0,0,0,0,0,0,0,0,1,0,0,0,1,0,0,2.0,1,True
5,1,1000000,3,1,0,0,0,0,0,0,0,0,0,0,0,0,0,1,1,0,0,0,0,0,2.0,1,True
3,2,10500000,1,1,0,0,0,0,0,0,0,0,0,0,0,0,0,1,0,0,1,1,0,0,2.0,1,False
6,2,8600000,1,0,0,0,0,1,0,0,0,0,0,0,0,0,0,1,1,0,0,1,0,0,1.5,1,True
9,2,5000000,0,0,0,0,0,1,1,0,0,0,0,0,0,0,0,0,0,0,1,1,0,0,2.5,1,False
3,2,2304999,2,1,0,0,0,0,0,0,1,0,0,0,0,0,0,0,1,0,0,0,0,0,5.0,1,True
2,1,25000,0,0,0,0,0,1,0,0,0,0,0,0,0,0,0,1,0,1,0,0,0,0,1.0,0,False
1,1,4000000,1,0,1,0,0,0,1,0,0,0,0,0,0,0,0,0,0,0,0,1,0,0,1.0,1,False
8,2,14600000,3,1,0,0,0,0,1,0,0,0,0,0,0,0,0,0,0,0,1,1,0,0,2.0,1,False
0,3,44000000,0,1,0,0,0,0,0,0,0,0,0,0,0,0,0,1,0,0,0,1,1,0,4.5,1,False
10,3,1822922,3,1,0,0,0,0,0,0,0,0,0,0,1,0,0,0,0,1,1,0,0,0,2.3333,1,True
9,2,125000,2,0,0,0,0,1,0,0,1,0,0,0,0,0,0,0,0,1,0,0,0,0,1.0,0,True
7,2,4000000,2,1,0,0,0,0,0,0,0,0,0,0,0,0,0,1,1,0,1,0,0,0,1.0,1,False
10,1,10000000,3,0,0,0,0,1,0,0,0,1,0,0,0,0,0,0,0,0,0,0,1,0,2.0,1,True
4,1,25000000,0,1,0,0,0,0,1,0,0,0,0,0,0,0,0,0,0,0,0,1,0,0,5.0,1,True
2,3,3750000,3,0,1,0,0,0,0,0,0,0,0,0,0,0,0,1,0,1,1,0,0,0,2.0,1,True
9,1,3000000,2,0,0,1,0,0,1,0,0,0,0,0,0,0,0,0,0,0,1,0,0,0,1.0,1,True
6,2,1155000,2,1,0,0,0,0,1,0,0,0,0,0,0,0,0,0,0,1,0,0,0,0,9.5,1,True
11,1,10000000,2,1,0,0,0,0,1,0,0,0,0,0,0,0,0,0,0,0,0,0,0,1,2.0,1,True
5,1,3000000,1,1,0,0,0,0,0,1,0,0,0,0,0,0,0,0,0,0,1,0,0,0,1.0,1,True
4,2,11500000,3,0,0,1,0,0,0,0,1,0,0,0,0,0,0,0,0,0,0,0,0,0,1.0,1,True
12,1,5000000,5,0,0,0,1,0,0,1,0,0,0,0,0,0,0,0,0,0,1,0,0,0,3.0,1,True
9,2,29000000,1,0,0,1,0,0,0,0,0,0,0,0,0,0,0,1,1,0,0,0,0,1,5.0,1,True
0,2,12050000,0,1,0,0,0,0,1,0,0,0,0,0,0,0,0,0,1,0,1,0,0,0,2.0,1,False
13,3,12000000,2,1,0,0,0,0,0,0,0,0,0,0,0,0,0,1,1,0,1,1,0,0,2.0,1,True
18,1,5500000,1,1,0,0,0,0,0,0,0,0,0,0,0,0,1,0,0,0,0,0,1,0,2.0,1,True
10,3,24000000,4,1,0,0,0,0,1,0,0,0,0,0,0,0,0,0,0,0,1,1,0,0,3.3333,1,True
6,2,10000000,2,0,0,0,0,1,0,0,1,0,0,0,0,0,0,0,0,0,1,1,0,0,4.5,1,True
10,3,19009671,1,0,0,1,0,0,0,0,0,0,0,0,0,1,0,0,0,0,0,1,0,0,2.0,1,False
6,1,5000000,1,1,0,0,0,0,0,0,0,0,0,0,0,0,0,1,0,0,1,0,0,0,1.0,1,False
2,5,18914576,1,0,0,0,0,1,0,0,0,1,0,0,0,0,0,0,1,0,0,0,1,0,3.0,1,True
0,1,4000000,0,0,0,0,0,1,1,0,0,0,0,0,0,0,0,0,1,0,0,0,0,0,3.0,0,False
5,3,2030882,2,0,0,1,0,0,1,0,0,0,0,0,0,0,0,0,0,0,1,0,0,0,3.0,1,True
4,1,5000000,2,1,0,0,0,0,0,0,0,0,0,0,0,0,0,1,0,0,0,1,0,0,1.0,1,True
5,1,20500000,0,0,0,0,0,1,1,0,0,0,0,0,0,0,0,0,1,0,0,0,0,0,4.0,1,False
4,2,13250000,4,0,0,0,0,1,0,0,0,0,1,0,0,0,0,0,1,0,0,0,0,0,2.0,0,True
7,1,12000000,1,1,0,0,0,0,0,0,0,0,0,0,0,0,0,1,0,0,0,0,0,0,2.0,1,True
9,3,11489687,2,1,0,0,0,0,0,0,0,0,1,0,0,0,0,0,0,1,1,1,0,0,3.3333,1,True
15,1,4000000,3,1,0,0,0,0,0,1,0,0,0,0,0,0,0,0,0,0,1,0,0,0,3.0,1,True
3,1,355000,1,1,0,0,0,0,1,0,0,0,0,0,0,0,0,0,0,1,0,0,0,0,1.0,0,True
10,2,118000,3,0,0,0,0,1,0,1,0,0,0,0,0,0,0,0,0,1,0,0,0,0,1.5,1,True
17,4,40400000,3,1,0,0,0,0,0,0,0,0,1,0,0,0,0,0,0,0,1,1,1,1,1.6667,1,True
1,1,3000000,0,0,0,0,1,0,1,0,0,0,0,0,0,0,0,0,0,0,1,0,0,0,1.0,1,False
2,2,19700000,1,1,0,0,0,0,1,0,0,0,0,0,0,0,0,0,1,0,0,1,0,0,4.0,1,False
0,2,17800000,0,1,0,0,0,0,1,0,0,0,0,0,0,0,0,0,1,0,0,0,0,0,1.0,1,False
10,3,17200000,5,0,1,0,0,0,0,0,0,0,0,1,0,0,0,0,0,0,1,1,1,0,2.6667,1,True
11,4,18500000,3,1,0,0,0,0,0,0,1,0,0,0,0,0,0,0,0,1,1,1,0,0,2.25,1,True
2,1,12000000,0,0,0,0,0,1,0,0,0,0,0,0,0,0,0,1,0,0,1,0,0,0,6.0,1,False
3,2,18250000,1,1,0,0,0,0,0,0,0,0,0,0,0,0,0,1,0,0,1,1,0,0,2.5,1,True
13,4,41500019,5,0,1,0,0,0,0,0,0,0,0,0,0,0,0,1,0,0,0,0,1,0,4.0,1,True
1,1,1000000,0,0,0,0,0,1,1,0,0,0,0,0,0,0,0,0,0,0,1,0,0,0,3.0,0,False
7,1,5000000,2,1,0,0,0,0,0,1,0,0,0,0,0,0,0,0,0,0,1,0,0,0,1.0,1,True
2,3,42700000,1,0,0,0,0,1,0,0,0,0,0,0,0,0,0,1,1,0,0,1,0,0,3.6667,1,False
7,1,12000000,0,1,0,0,0,0,0,0,0,0,0,0,1,0,0,0,1,0,0,0,0,0,9.0,1,False
5,2,22300000,2,0,0,0,0,1,1,0,0,0,0,0,0,0,0,0,0,0,0,1,1,0,4.5,1,True
5,2,10000000,1,1,0,0,0,0,0,0,0,0,0,0,0,0,0,1,1,0,0,1,0,0,4.0,1,True
1,3,15564591,0,0,0,0,0,1,0,0,0,0,1,0,0,0,0,0,1,0,0,1,1,0,3.5,1,False
7,1,500000,2,1,0,0,0,0,0,1,0,0,0,0,0,0,0,0,0,1,0,0,0,0,5.0,1,True
1,1,4000000,0,1,0,0,0,0,0,0,0,0,0,0,0,0,0,1,0,0,0,1,0,0,3.0,1,False
3,5,10764323,3,0,0,0,0,1,1,0,0,0,0,0,0,0,0,0,1,0,1,0,0,0,2.0,1,True
1,1,5500000,1,0,0,0,0,1,1,0,0,0,0,0,0,0,0,0,1,0,0,0,0,0,3.0,1,False
7,1,400000,2,1,0,0,0,0,0,0,0,0,0,0,0,0,0,1,0,1,0,0,0,0,3.0,1,True
2,1,32000000,0,0,0,0,0,1,1,0,0,0,0,0,0,0,0,0,0,0,0,1,0,0,7.0,1,False
1,1,13000000,0,0,0,0,0,1,1,0,0,0,0,0,0,0,0,0,0,0,0,0,0,1,4.0,1,True
5,3,12500000,0,0,0,0,0,1,1,0,0,0,0,0,0,0,0,0,1,0,1,1,0,0,2.3333,1,True
16,4,38064570,2,1,0,0,0,0,0,0,0,0,0,0,0,0,0,1,1,0,0,1,1,1,3.0,1,True
4,2,5000000,6,0,0,0,0,1,0,1,0,0,0,0,0,0,0,0,0,0,1,1,0,0,1.0,0,False
2,1,1000000,2,0,0,0,0,1,0,1,0,0,0,0,0,0,0,0,0,1,0,0,0,0,1.0,0,False
5,1,600000,3,1,0,0,0,0,0,1,0,0,0,0,0,0,0,0,0,1,0,0,0,0,7.0,1,True
11,2,2750000,3,1,0,0,0,0,0,1,0,0,0,0,0,0,0,0,0,1,1,0,0,0,4.0,1,True
1,2,30000000,0,1,0,0,0,0,0,0,0,0,0,0,0,0,0,1,0,0,1,1,0,0,2.5,1,True
0,1,7000000,0,1,0,0,0,0,0,0,0,0,0,0,0,0,0,1,0,0,0,0,1,0,1.0,0,False
10,1,6100000,2,1,0,0,0,0,0,0,0,0,0,0,0,0,0,1,0,0,0,1,0,0,4.0,1,True
12,3,2100000,2,1,0,0,0,0,0,0,0,1,0,0,0,0,0,0,1,1,0,0,0,0,4.0,1,False
10,2,2565000,3,1,0,0,0,0,0,0,1,0,0,0,0,0,0,0,0,1,1,0,0,0,3.5,1,True
0,1,2000000,0,1,0,0,0,0,0,0,0,0,0,0,0,1,0,0,0,0,0,0,0,0,1.0,0,False
3,3,22400000,1,0,0,0,0,1,0,0,0,0,0,0,0,0,0,1,1,0,0,1,1,0,3.6667,1,True
12,1,6250000,1,0,1,0,0,0,0,0,0,0,0,0,1,0,0,0,0,0,1,0,0,0,1.0,0,True
4,1,575000,2,0,1,0,0,0,0,1,0,0,0,0,0,0,0,0,0,1,0,0,0,0,6.0,0,True
1,2,53000,1,0,0,1,0,0,0,1,0,0,0,0,0,0,0,0,0,1,0,0,0,0,1.0,1,False
6,2,9500000,2,1,0,0,0,0,0,0,0,0,0,0,1,0,0,0,0,0,1,1,0,0,2.5,1,True
7,2,3500000,2,0,0,0,1,0,0,0,0,1,0,0,0,0,0,0,0,1,1,0,0,0,1.0,1,False
14,3,10500000,3,0,1,0,0,0,0,0,0,0,0,0,0,0,0,1,1,0,1,0,0,0,6.3333,1,True
14,4,34250000,2,1,0,0,0,0,0,0,0,0,0,0,0,0,0,1,1,0,1,1,1,0,2.25,1,True
3,2,125000,2,0,0,0,0,1,0,0,0,0,1,0,0,0,0,0,1,1,0,0,0,0,1.0,1,False
2,2,10600000,1,0,0,0,0,1,0,0,1,0,0,0,0,0,0,0,1,0,0,1,0,0,3.0,1,False
2,3,26100000,1,1,0,0,0,0,0,0,0,0,0,0,0,0,0,1,1,0,0,1,0,0,3.5,1,True
2,1,30000000,1,0,1,0,0,0,0,1,0,0,0,0,0,0,0,0,1,0,0,0,0,0,5.0,1,True
6,3,132885,2,0,0,0,0,1,0,0,0,0,0,1,0,0,0,0,0,1,0,0,0,0,1.0,1,False
9,3,9500000,2,1,0,0,0,0,1,0,0,0,0,0,0,0,0,0,0,0,1,1,1,0,2.0,1,True
9,1,18000000,1,1,0,0,0,0,0,0,0,0,0,0,0,0,0,1,1,0,0,0,0,0,7.0,1,True
4,1,690000,1,0,0,0,0,1,0,1,0,0,0,0,0,0,0,0,0,1,0,0,0,0,3.0,1,False
1,3,25131611,0,0,0,0,0,1,0,0,1,0,0,0,0,0,0,0,1,0,0,1,0,0,1.0,1,True
1,1,2000000,0,1,0,0,0,0,0,0,0,0,0,0,0,0,0,1,0,0,0,0,0,0,1.0,1,False
12,1,15000000,2,1,0,0,0,0,0,0,0,0,0,0,0,0,0,1,0,0,1,0,0,0,3.0,0,False
6,2,15000000,1,1,0,0,0,0,1,0,0,0,0,0,0,0,0,0,0,0,1,1,0,0,3.0,1,True
8,3,45000000,3,0,1,0,0,0,0,0,0,0,0,1,0,0,0,0,0,0,1,0,0,0,1.0,0,False
4,1,4410000,1,1,0,0,0,0,0,0,1,0,0,0,0,0,0,0,0,0,1,0,0,0,1.0,1,True
9,2,4500000,2,0,0,0,0,1,0,1,0,0,0,0,0,0,0,0,0,0,1,1,0,0,2.0,1,True
11,3,11040000,2,1,0,0,0,0,1,0,0,0,0,0,0,0,0,0,0,0,1,1,1,0,2.5,1,True
6,1,1600000,2,1,0,0,0,0,0,0,0,0,0,1,0,0,0,0,0,0,1,0,0,0,3.0,1,True
3,2,9000000,1,0,1,0,0,0,1,0,0,0,0,0,0,0,0,0,1,0,0,1,0,0,4.0,1,True
4,3,3282327,2,1,0,0,0,0,0,0,0,0,0,0,0,0,0,1,1,0,0,0,0,0,2.0,1,True
5,2,24700000,5,1,0,0,0,0,0,1,0,0,0,0,0,0,0,0,0,0,1,1,0,0,4.0,1,True
2,2,8800000,0,0,0,0,0,1,0,0,0,0,0,0,0,0,0,1,1,0,1,0,0,0,1.0,1,False
1,1,1700000,1,1,0,0,0,0,0,1,0,0,0,0,0,0,0,0,0,0,1,0,0,0,1.0,0,False
1,1,20000,2,1,0,0,0,0,0,1,0,0,0,0,0,0,0,0,0,1,0,0,0,0,1.0,0,False
10,2,11500000,5,1,0,0,0,0,0,0,1,0,0,0,0,0,0,0,0,0,1,1,0,0,2.5,1,True
2,1,1350000,3,1,0,0,0,0,0,1,0,0,0,0,0,0,0,0,0,1,0,0,0,0,10.0,1,True
17,1,940261,2,0,0,0,0,1,1,0,0,0,0,0,0,0,0,0,0,0,1,0,0,0,1.0,1,True
12,2,4000000,3,0,0,1,0,0,0,1,0,0,0,0,0,0,0,0,0,1,1,0,0,0,3.0,1,True
5,1,5000000,1,1,0,0,0,0,0,1,0,0,0,0,0,0,0,0,0,0,1,0,0,0,1.0,0,False
3,1,20000,1,0,0,0,0,1,0,1,0,0,0,0,0,0,0,0,0,1,0,0,0,0,1.0,0,False
5,1,12500000,1,0,0,0,0,1,0,0,0,0,0,0,0,0,0,1,0,0,0,1,0,0,3.0,1,True
0,5,7228704,2,0,0,0,0,1,0,0,0,0,0,0,0,0,0,1,1,0,1,0,0,0,2.0,1,False
5,4,15180000,0,1,0,0,0,0,0,0,0,1,0,0,0,0,0,0,1,0,1,0,1,0,1.0,1,True
4,2,30000000,2,1,0,0,0,0,1,0,0,0,0,0,0,0,0,0,0,0,1,1,0,0,2.5,1,False
11,2,14500000,3,0,0,0,1,0,0,0,0,0,0,0,0,0,0,1,0,0,1,1,0,0,1.5,1,True
6,1,6500000,3,1,0,0,0,0,0,0,0,0,1,0,0,0,0,0,1,0,0,0,0,0,3.0,1,True
2,1,15000,1,0,0,0,0,1,0,1,0,0,0,0,0,0,0,0,0,1,0,0,0,0,1.0,0,False
5,5,4705910,3,0,1,0,0,0,0,0,1,0,0,0,0,0,0,0,1,1,0,0,0,0,3.0,1,True
6,1,3000000,2,1,0,0,0,0,0,0,0,0,0,1,0,0,0,0,1,0,0,0,0,0,1.0,1,True
8,4,1449998,3,0,1,0,0,0,0,0,0,0,0,0,0,0,0,1,1,1,0,0,0,0,1.0,1,False
5,2,6000000,3,0,0,1,0,0,0,0,1,0,0,0,0,0,0,0,0,1,1,0,0,0,6.0,1,True
7,3,28200000,0,0,0,0,0,1,0,0,0,0,0,0,0,0,0,1,1,0,0,1,1,0,3.0,1,True
5,2,14000000,1,1,0,0,0,0,1,0,0,0,0,0,0,0,0,0,1,0,1,0,0,0,2.0,1,True
14,1,3000000,2,0,0,0,1,0,0,0,0,1,0,0,0,0,0,0,0,0,1,0,0,0,1.0,0,False
6,2,2238055,1,0,0,0,0,1,0,0,0,1,0,0,0,0,0,0,1,1,0,0,0,0,1.0,1,False
5,2,5200000,2,1,0,0,0,0,0,0,0,0,0,0,0,0,0,1,1,0,1,0,0,0,1.0,1,False
13,4,24500000,4,0,0,1,0,0,1,0,0,0,0,0,0,0,0,0,0,0,1,1,1,0,2.5,1,False
3,3,4476171,0,1,0,0,0,0,0,0,0,0,1,0,0,0,0,0,1,0,1,0,0,0,2.0,1,False
13,2,15200000,0,1,0,0,0,0,1,0,0,0,0,0,0,0,0,0,0,0,1,1,0,0,2.0,1,True
2,2,890000,0,0,1,0,0,0,0,0,1,0,0,0,0,0,0,0,0,1,0,0,0,0,3.0,1,False
0,1,2600000,0,1,0,0,0,0,0,0,1,0,0,0,0,0,0,0,1,0,0,0,0,0,1.0,1,False
7,1,1226270,2,0,0,0,0,1,0,0,0,1,0,0,0,0,0,0,0,1,0,0,0,0,1.0,1,True
5,2,9000000,1,1,0,0,0,0,0,1,0,0,0,0,0,0,0,0,0,0,1,1,0,0,1.0,0,True
4,4,7210210,1,1,0,0,0,0,0,0,0,1,0,0,0,0,0,0,1,0,1,1,0,0,1.0,0,True
15,2,15700000,1,1,0,0,0,0,0,0,0,0,0,0,0,0,0,1,0,0,1,0,0,0,3.0,1,True
4,2,15050000,1,0,0,1,0,0,1,0,0,0,0,0,0,0,0,0,1,0,0,0,1,0,2.5,1,True
5,2,3500000,2,1,0,0,0,0,0,0,0,0,0,1,0,0,0,0,0,0,1,1,0,0,3.0,1,True
2,2,43000000,1,1,0,0,0,0,1,0,0,0,0,0,0,0,0,0,0,0,0,0,1,1,1.0,1,False
8,1,1300000,4,1,0,0,0,0,0,1,0,0,0,0,0,0,0,0,0,1,0,0,0,0,4.0,1,True
16,2,14500000,2,0,0,1,0,0,0,0,0,0,1,0,0,0,0,0,0,1,0,1,0,0,2.0,1,True
2,2,48000000,0,1,0,0,0,0,0,0,0,0,0,0,0,0,0,1,0,0,0,0,1,1,6.0,1,False
3,2,3508462,0,0,0,0,0,1,0,0,0,0,0,0,0,0,0,1,1,0,1,0,0,0,3.0,1,False
10,3,19500000,1,1,0,0,0,0,1,0,0,0,0,0,0,0,0,0,0,0,1,1,0,0,3.3333,1,True
5,1,3750000,3,1,0,0,0,0,0,0,1,0,0,0,0,0,0,0,0,0,0,0,0,0,9.0,1,True
1,1,45000000,0,0,0,0,0,1,0,1,0,0,0,0,0,0,0,0,0,0,0,0,0,0,2.0,0,False
8,4,32500000,3,0,0,0,0,1,0,0,0,1,0,0,0,0,0,0,0,0,1,1,1,1,2.75,1,False
4,2,4900000,5,0,0,0,0,1,0,0,0,1,0,0,0,0,0,0,0,1,0,1,0,0,1.5,1,True
4,2,12000000,3,1,0,0,0,0,0,0,0,0,1,0,0,0,0,0,0,0,0,1,1,0,2.0,1,False
12,3,7175000,6,1,0,0,0,0,0,1,0,0,0,0,0,0,0,0,0,1,1,1,0,0,2.6667,1,True
3,2,4700000,4,1,0,0,0,0,0,1,0,0,0,0,0,0,0,0,0,1,1,0,0,0,1.5,1,False
3,1,120000,0,1,0,0,0,0,0,0,0,0,0,0,0,0,0,1,0,1,0,0,0,0,2.0,0,False
10,3,10000000,2,1,0,0,0,0,0,0,0,0,1,0,0,0,0,0,1,0,0,1,0,0,1.6667,0,True
0,4,39000000,0,0,0,0,1,0,0,0,0,0,0,0,0,0,0,1,1,0,1,0,0,0,3.0,0,False
3,2,16100000,0,0,0,1,0,0,1,0,0,0,0,0,0,0,0,0,0,0,0,1,1,0,2.5,1,True
4,2,3300000,3,1,0,0,0,0,0,0,0,0,1,0,0,0,0,0,0,1,1,0,0,0,2.0,1,True
6,1,750000,3,1,0,0,0,0,0,0,0,0,0,0,0,0,0,1,0,1,0,0,0,0,9.0,1,True
0,2,1000000,0,0,0,0,0,1,1,0,0,0,0,0,0,0,0,0,1,1,0,0,0,0,2.0,0,False
3,1,7410000,0,0,1,0,0,0,0,0,0,0,0,0,0,1,0,0,1,0,0,0,0,0,3.0,1,False
14,3,14229998,3,1,0,0,0,0,0,1,0,0,0,0,0,0,0,0,0,0,1,1,0,0,3.0,1,True
7,2,3000000,2,1,0,0,0,0,0,0,0,0,0,0,0,0,0,1,0,0,1,1,0,0,2.5,1,True
10,1,20000000,1,0,1,0,0,0,0,0,0,0,1,0,0,0,0,0,0,0,1,0,0,0,1.0,0,True
6,2,2000000,3,0,0,0,0,1,0,0,0,0,1,0,0,0,0,0,0,1,0,0,0,0,1.5,1,True
3,2,19900000,2,0,0,0,0,1,1,0,0,0,0,0,0,0,0,0,1,0,0,1,0,0,2.0,1,True
6,1,1500000,1,1,0,0,0,0,0,0,0,0,0,0,1,0,0,0,0,0,0,0,0,0,1.0,0,False
4,1,325000,1,1,0,0,0,0,0,0,0,0,0,0,0,0,0,1,0,1,0,0,0,0,4.0,0,False
16,1,3500000,2,1,0,0,0,0,0,0,0,1,0,0,0,0,0,0,0,0,1,0,0,0,5.0,1,False
7,4,30000000,2,0,0,0,0,1,0,0,0,0,0,0,0,0,0,1,0,1,1,1,0,0,2.0,1,False
1,1,50000000,0,1,0,0,0,0,0,0,0,0,0,0,0,1,0,0,0,0,0,0,0,1,6.0,1,True
5,1,2000000,2,0,1,0,0,0,0,0,0,0,0,0,1,0,0,0,0,0,1,0,0,0,3.0,1,True
4,3,27690547,1,1,0,0,0,0,0,0,0,0,0,0,0,0,0,1,0,0,0,1,1,1,4.5,1,True
12,2,7500000,3,1,0,0,0,0,0,0,0,1,0,0,0,0,0,0,0,0,1,0,0,0,3.5,1,True
9,2,10000000,1,0,0,0,1,0,1,0,0,0,0,0,0,0,0,0,0,0,1,0,0,0,2.0,1,True
7,4,5965000,1,1,0,0,0,0,1,0,0,0,0,0,0,0,0,0,1,0,1,0,0,0,1.0,0,True
9,1,4000000,4,1,0,0,0,0,0,0,1,0,0,0,0,0,0,0,0,0,1,0,0,0,1.0,0,True
2,1,5000000,1,0,0,0,0,1,0,0,0,0,1,0,0,0,0,0,1,0,0,0,0,0,1.0,0,False
15,1,11500000,2,1,0,0,0,0,0,0,0,0,1,0,0,0,0,0,0,0,1,0,0,0,2.0,1,True
2,2,1050000,1,0,0,0,0,1,0,1,0,0,0,0,0,0,0,0,1,0,0,0,0,0,1.0,0,False
13,2,5500000,2,0,1,0,0,0,0,1,0,0,0,0,0,0,0,0,0,0,1,0,0,0,2.0,1,True
17,3,5000000,4,0,0,0,0,1,0,0,0,0,1,0,0,0,0,0,0,1,1,0,0,0,1.6667,1,True
11,2,3700000,3,1,0,0,0,0,0,0,0,1,0,0,0,0,0,0,1,0,0,0,0,0,3.0,0,False
4,2,7000000,0,1,0,0,0,0,1,0,0,0,0,0,0,0,0,0,0,0,1,0,0,0,2.0,0,False
14,2,32000000,4,0,0,1,0,0,0,0,0,0,0,0,0,0,0,1,0,0,1,1,0,0,3.5,1,False
8,3,7900000,2,0,0,1,0,0,0,0,0,0,1,0,0,0,0,0,0,0,1,0,0,0,2.0,0,True
1,1,5000000,1,0,0,0,1,0,0,0,1,0,0,0,0,0,0,0,1,0,0,0,0,0,1.0,1,False
5,2,2100000,3,0,0,0,0,1,0,0,0,0,0,0,0,0,0,1,0,1,1,0,0,0,1.5,1,True
6,4,22250000,1,0,0,0,0,1,0,0,0,1,0,0,0,0,0,0,0,0,1,1,1,1,2.5,1,True
6,2,1975000,2,0,0,0,0,1,0,0,0,1,0,0,0,0,0,0,1,1,0,0,0,0,3.0,0,True
0,1,1000000,2,0,1,0,0,0,0,1,0,0,0,0,0,0,0,0,0,1,0,0,0,0,1.0,1,True
0,1,35000000,0,0,0,0,0,1,0,0,0,0,0,0,0,0,0,1,0,0,0,0,1,0,1.0,0,False
3,1,26000000,0,0,0,1,0,0,0,0,0,0,0,0,0,0,0,1,1,0,0,0,0,0,2.0,1,True
3,1,100000,2,1,0,0,0,0,0,0,0,0,0,1,0,0,0,0,0,1,0,0,0,0,1.0,0,False
6,1,5000000,3,0,0,0,0,1,0,0,1,0,0,0,0,0,0,0,0,0,1,0,0,0,1.0,1,True
5,2,7300000,0,0,0,0,0,1,0,0,0,0,0,0,0,1,0,0,1,0,1,0,0,0,3.0,1,False
8,2,5800000,2,0,0,0,0,1,0,0,0,1,0,0,0,0,0,0,0,1,1,0,0,0,4.0,1,True
11,4,23350000,2,1,0,0,0,0,0,0,0,0,0,1,0,0,0,0,0,1,1,1,0,0,3.0,1,True
7,2,13500000,0,0,0,1,0,0,1,0,0,0,0,0,0,0,0,0,1,0,0,0,1,0,2.5,1,True
13,2,24500000,2,0,0,1,0,0,0,0,0,0,0,0,0,0,0,1,0,0,0,0,0,0,5.5,1,True
2,1,10000000,1,1,0,0,0,0,0,0,0,0,0,0,0,0,0,1,0,0,0,0,1,0,4.0,1,False
3,1,8500000,0,0,0,0,0,1,0,0,0,0,0,0,0,0,0,1,1,0,0,0,0,0,1.0,0,False
0,1,6000000,0,0,0,0,1,0,0,0,0,0,0,0,0,0,0,1,0,0,0,1,0,0,3.0,0,False
3,1,2000000,1,1,0,0,0,0,1,0,0,0,0,0,0,0,0,0,0,0,1,0,0,0,2.0,1,True
3,2,4100000,2,0,0,0,1,0,0,0,0,1,0,0,0,0,0,0,0,0,1,0,0,0,1.5,1,True
5,1,6200000,4,1,0,0,0,0,0,0,0,0,0,0,0,0,0,1,0,0,1,0,0,0,2.0,1,True
8,2,12250000,1,1,0,0,0,0,0,0,0,0,1,0,0,0,0,0,0,0,0,1,1,0,2.5,1,True
3,2,11725600,2,1,0,0,0,0,0,0,1,0,0,0,0,0,0,0,0,0,1,1,0,0,2.0,1,True
1,2,16000000,0,0,0,1,0,0,1,0,0,0,0,0,0,0,0,0,0,0,1,1,0,0,3.0,1,False
10,3,5056559,2,0,0,0,0,1,0,0,1,0,0,0,0,0,0,0,1,0,1,0,0,0,1.6667,1,True
9,1,100000,3,1,0,0,0,0,0,1,0,0,0,0,0,0,0,0,0,1,0,0,0,0,1.0,1,True
5,3,33000000,1,1,0,0,0,0,0,0,0,1,0,0,0,0,0,0,1,0,0,1,0,1,3.6667,1,True
8,3,3352194,2,0,0,0,0,1,0,0,0,0,0,0,0,0,0,1,0,1,1,0,0,0,9.5,0,False
5,2,2212000,2,0,1,0,0,0,0,0,0,0,0,0,0,0,0,1,0,1,1,0,0,0,3.0,1,True
1,4,19800000,0,1,0,0,0,0,0,0,0,0,0,0,0,1,0,0,1,0,0,0,0,1,5.0,1,True
6,2,4500000,2,1,0,0,0,0,0,1,0,0,0,0,0,0,0,0,0,1,1,0,0,0,3.0,1,False
2,2,14000000,1,0,0,1,0,0,1,0,0,0,0,0,0,0,0,0,1,0,0,1,0,0,1.5,1,True
4,1,100000,2,0,0,0,0,1,0,0,0,0,0,0,0,0,0,1,0,1,0,0,0,0,1.0,0,False
4,2,9900000,2,1,0,0,0,0,1,0,0,0,0,0,0,0,0,0,0,0,1,1,0,0,2.0,1,True
10,3,7600000,2,1,0,0,0,0,0,0,0,0,1,0,0,0,0,0,0,0,1,1,0,0,5.0,1,True
2,1,50000,1,1,0,0,0,0,0,0,0,0,0,1,0,0,0,0,0,1,0,0,0,0,2.0,0,False
3,1,650000,0,1,0,0,0,0,0,0,0,0,0,0,0,0,0,1,0,1,0,0,0,0,1.0,0,False
8,3,10500000,3,1,0,0,0,0,0,0,1,0,0,0,0,0,0,0,1,0,1,1,0,0,2.0,1,False
12,1,500000,2,1,0,0,0,0,0,1,0,0,0,0,0,0,0,0,0,1,0,0,0,0,1.0,0,True
2,2,24300000,3,1,0,0,0,0,0,1,0,0,0,0,0,0,0,0,0,0,0,1,1,0,2.5,1,True
6,2,18000000,1,1,0,0,0,0,0,0,0,0,0,0,0,0,0,1,1,0,0,1,0,0,4.0,1,False
2,2,9500000,0,1,0,0,0,0,0,0,0,0,0,0,0,0,0,1,1,0,0,1,0,0,3.0,1,False
6,1,16980999,1,0,0,0,0,1,0,0,0,0,0,0,0,1,0,0,0,0,0,1,0,0,1.0,1,True
2,1,5000000,2,1,0,0,0,0,0,0,0,0,0,1,0,0,0,0,0,0,1,0,0,0,3.0,0,False
3,1,350000,0,0,0,0,0,1,0,0,0,0,0,0,0,0,0,1,1,0,0,0,0,0,1.0,0,False
1,5,13130000,1,0,0,1,0,0,0,1,0,0,0,0,0,0,0,0,1,0,1,0,0,0,2.0,1,False
1,1,20000000,2,0,0,0,0,1,1,0,0,0,0,0,0,0,0,0,0,0,1,0,0,0,1.0,0,False
18,3,26500000,4,0,0,1,0,0,0,0,1,0,0,0,0,0,0,0,1,0,1,1,0,0,2.0,1,True
4,2,15000000,0,0,0,1,0,0,0,0,0,1,0,0,0,0,0,0,0,0,0,1,0,0,5.0,1,True
0,1,2600000,0,0,0,0,0,1,0,0,0,0,0,0,0,0,0,1,0,0,1,0,0,0,1.0,0,False
1,4,21470000,0,1,0,0,0,0,0,0,0,0,0,0,0,0,0,1,0,0,1,1,0,0,3.5,1,False
5,1,20000,2,0,0,0,1,0,0,0,1,0,0,0,0,0,0,0,0,1,0,0,0,0,1.0,0,False
10,2,3600000,3,1,0,0,0,0,0,1,0,0,0,0,0,0,0,0,0,1,1,0,0,0,1.0,0,False
8,1,2600000,1,1,0,0,0,0,0,0,0,0,0,0,1,0,0,0,0,0,1,0,0,0,2.0,0,True
5,1,5000000,2,1,0,0,0,0,0,1,0,0,0,0,0,0,0,0,0,0,1,0,0,0,1.0,1,False
2,2,17000000,2,1,0,0,0,0,0,0,1,0,0,0,0,0,0,0,0,0,1,1,0,0,3.5,1,True
0,1,662000,0,0,0,0,0,1,0,0,0,0,0,0,0,0,0,1,0,0,1,0,0,0,3.0,0,False
12,2,3750000,2,0,1,0,0,0,0,0,0,0,0,0,0,0,0,1,0,1,1,0,0,0,4.0,1,True
9,2,6700000,4,0,1,0,0,0,0,0,0,0,0,0,0,0,0,1,1,0,0,0,0,0,8.0,1,True
12,3,20750000,2,1,0,0,0,0,0,0,0,0,0,0,0,0,0,1,1,0,1,1,0,0,2.3333,1,True
5,4,19000000,0,1,0,0,0,0,0,0,0,0,0,1,0,0,0,0,0,0,1,1,1,0,2.0,1,True
20,3,22500000,0,1,0,0,0,0,0,0,0,0,0,0,0,0,0,1,1,0,1,0,0,0,4.0,1,True
10,3,7300000,3,1,0,0,0,0,0,0,0,0,1,0,0,0,0,0,0,1,1,1,0,0,2.0,1,True
4,1,10000000,0,0,0,0,0,1,1,0,0,0,0,0,0,0,0,0,0,0,0,0,1,0,3.0,1,True
1,1,31000,1,0,1,0,0,0,0,1,0,0,0,0,0,0,0,0,0,1,0,0,0,0,2.0,0,False
16,3,21500000,4,1,0,0,0,0,0,0,1,0,0,0,0,0,0,0,0,0,1,1,0,0,3.3333,1,True
5,1,4000000,1,0,0,0,0,1,0,0,0,0,0,0,0,0,0,1,0,0,0,0,0,0,5.0,1,True
5,3,9400000,4,1,0,0,0,0,0,0,0,0,0,1,0,0,0,0,1,0,1,1,0,0,4.0,1,True
9,3,5600000,4,0,1,0,0,0,0,1,0,0,0,0,0,0,0,0,0,0,1,1,0,0,2.0,1,True
9,2,6000000,2,1,0,0,0,0,0,0,0,0,0,0,0,0,0,1,0,0,1,1,0,0,2.5,1,True
16,3,2000000,2,1,0,0,0,0,0,0,0,0,0,0,0,0,0,1,0,1,0,0,0,0,3.6667,1,True
5,2,1000000,3,1,0,0,0,0,0,0,0,0,0,0,0,0,0,1,1,0,1,0,0,0,5.5,1,True
3,2,200000,2,0,0,0,0,1,0,0,0,0,0,1,0,0,0,0,0,1,1,0,0,0,2.0,1,False
2,1,2300000,2,1,0,0,0,0,0,0,0,0,0,0,0,0,0,1,0,0,1,0,0,0,2.0,1,False
5,1,1000000,4,1,0,0,0,0,0,0,1,0,0,0,0,0,0,0,0,0,1,0,0,0,1.0,1,False
13,5,24750000,3,1,0,0,0,0,0,0,0,0,0,0,0,0,0,1,1,1,1,1,0,0,2.4,1,True
15,2,12800000,1,0,0,0,0,1,1,0,0,0,0,0,0,0,0,0,0,0,1,1,0,0,2.0,1,False
10,2,30500000,1,1,0,0,0,0,0,0,0,1,0,0,0,0,0,0,0,0,0,0,0,1,4.5,1,True
3,3,36300000,2,1,0,0,0,0,0,0,0,0,0,0,0,0,0,1,1,0,0,0,1,0,1.5,1,False
7,3,6693782,3,1,0,0,0,0,0,0,0,0,0,0,0,0,0,1,1,0,0,0,0,0,1.6667,1,True
1,1,20000000,0,1,0,0,0,0,0,0,0,0,0,0,0,0,0,1,0,0,0,0,1,0,5.0,1,False
8,1,11370000,3,1,0,0,0,0,0,0,0,0,0,0,0,0,0,1,0,0,1,0,0,0,2.0,1,True
13,3,16500000,4,1,0,0,0,0,0,1,0,0,0,0,0,0,0,0,0,0,1,1,1,0,1.3333,1,True
3,1,250000,1,1,0,0,0,0,0,0,0,0,0,0,0,0,0,1,0,1,0,0,0,0,3.0,0,False
9,5,14400000,5,0,1,0,0,0,0,1,0,0,0,0,0,0,0,0,0,1,1,1,0,0,5.8,1,True
10,4,13075000,2,1,0,0,0,0,0,0,0,0,1,0,0,0,0,0,0,0,1,1,0,0,4.0,1,True
10,2,26000000,4,1,0,0,0,0,0,0,0,0,0,1,0,0,0,0,0,0,1,0,1,0,2.5,1,True
6,2,16300000,2,0,0,1,0,0,0,0,0,1,0,0,0,0,0,0,0,0,0,1,0,0,2.0,1,True
5,2,5992316,1,0,0,0,1,0,0,0,0,1,0,0,0,0,0,0,1,0,1,0,0,0,2.0,0,True
4,1,1200000,1,1,0,0,0,0,1,0,0,0,0,0,0,0,0,0,0,0,1,0,0,0,1.0,0,False
7,2,1900000,2,0,1,0,0,0,0,1,0,0,0,0,0,0,0,0,0,1,1,0,0,0,2.5,1,False
9,3,30300000,2,1,0,0,0,0,0,0,0,0,0,1,0,0,0,0,1,0,0,0,0,1,4.5,1,False
4,1,500000,0,0,1,0,0,0,0,1,0,0,0,0,0,0,0,0,0,1,0,0,0,0,5.0,0,False
3,1,18800000,0,0,0,0,1,0,0,0,0,0,0,0,0,0,0,1,0,0,0,0,1,0,7.0,1,True
3,1,20000,1,0,0,0,0,1,0,1,0,0,0,0,0,0,0,0,0,1,0,0,0,0,1.0,0,False
3,4,3350000,2,0,0,0,0,1,0,0,1,0,0,0,0,0,0,0,0,1,1,1,0,0,1.5,0,True
1,1,26100000,0,0,0,0,0,1,0,0,0,0,0,0,0,1,0,0,1,0,0,0,0,0,2.0,1,True
0,2,1213066,0,0,0,0,0,1,0,0,0,1,0,0,0,0,0,0,1,0,0,0,0,0,1.0,1,False
18,3,24030000,3,1,0,0,0,0,0,0,0,0,1,0,0,0,0,0,0,0,1,1,0,0,3.6667,1,True
14,3,13100000,5,1,0,0,0,0,0,0,0,0,0,0,0,0,0,1,0,1,0,1,1,0,1.6667,1,True
6,3,560001,5,0,1,0,0,0,1,0,0,0,0,0,0,0,0,0,1,1,0,0,0,0,3.5,1,True
7,1,3500000,3,0,0,0,0,1,0,0,0,1,0,0,0,0,0,0,0,0,1,0,0,0,2.0,1,True
18,4,42500000,1,1,0,0,0,0,0,0,1,0,0,0,0,0,0,0,1,0,1,1,1,0,2.5,1,True
7,1,12170000,2,1,0,0,0,0,0,0,0,1,0,0,0,0,0,0,0,0,0,0,1,0,3.0,1,False
4,1,1000000,2,0,1,0,0,0,1,0,0,0,0,0,0,0,0,0,0,0,1,0,0,0,3.0,1,True
5,3,1820000,4,1,0,0,0,0,0,0,1,0,0,0,0,0,0,0,0,1,0,0,0,0,1.0,0,True
6,1,5000000,2,0,0,0,1,0,0,0,0,0,0,0,0,0,0,1,0,0,0,0,1,0,5.0,1,True
4,2,18800000,1,0,1,0,0,0,0,0,0,0,0,0,0,0,0,1,0,0,1,1,0,0,2.5,1,True
3,3,1310000,4,1,0,0,0,0,0,0,0,0,0,0,0,0,0,1,0,1,0,0,0,0,1.0,0,True
2,2,15000000,1,0,0,1,0,0,1,0,0,0,0,0,0,0,0,0,0,0,1,1,0,0,2.5,1,False
3,1,25000000,1,0,0,1,0,0,1,0,0,0,0,0,0,0,0,0,0,0,0,0,0,1,5.0,1,True
4,3,172500,2,0,0,1,0,0,0,1,0,0,0,0,0,0,0,0,0,1,0,0,0,0,1.0,0,True
7,3,40300000,5,1,0,0,0,0,0,0,1,0,0,0,0,0,0,0,1,0,0,1,1,0,4.0,1,True
9,1,100000,3,1,0,0,0,0,0,0,0,0,0,0,1,0,0,0,0,1,0,0,0,0,1.0,0,False
14,5,19389998,2,0,0,0,0,1,0,0,0,0,0,0,0,0,0,1,1,0,1,1,1,0,1.5,1,True
6,1,6000000,2,1,0,0,0,0,1,0,0,0,0,0,0,0,0,0,0,0,1,0,0,0,2.0,1,True
8,4,3499997,3,0,1,0,0,0,0,0,0,0,1,0,0,0,0,0,1,0,1,0,0,0,1.5,1,True
13,3,2600000,2,1,0,0,0,0,0,0,0,0,0,0,0,0,0,1,0,1,1,0,0,0,3.6667,1,True
14,3,2023000,2,1,0,0,0,0,0,1,0,0,0,0,0,0,0,0,0,1,1,0,0,0,1.3333,1,True
3,1,25000000,0,1,0,0,0,0,0,0,0,0,0,0,0,0,0,1,1,0,0,0,0,0,4.0,1,True
5,2,1000000,1,0,1,0,0,0,0,0,0,0,1,0,0,0,0,0,0,1,0,0,0,0,3.5,0,True
11,2,13000000,2,1,0,0,0,0,0,0,1,0,0,0,0,0,0,0,0,0,1,1,0,0,3.0,1,True
3,3,24150000,2,0,0,1,0,0,1,0,0,0,0,0,0,0,0,0,1,0,1,1,0,0,2.3333,1,False
4,3,47218498,0,1,0,0,0,0,0,0,0,0,0,0,0,0,0,1,1,0,0,0,1,1,3.3333,1,False
1,2,11800000,2,0,0,1,0,0,0,0,0,0,0,0,0,0,0,1,0,0,0,0,1,1,4.5,1,True
2,2,2387481,1,0,0,0,0,1,0,0,0,0,0,0,0,0,0,1,1,0,0,0,0,0,1.0,1,False
4,2,7500000,3,0,0,0,0,1,1,0,0,0,0,0,0,0,0,0,0,0,1,1,0,0,1.5,1,True
3,1,25000000,1,1,0,0,0,0,0,0,0,0,0,0,0,1,0,0,0,0,0,0,1,0,1.0,1,True
7,4,25305000,1,1,0,0,0,0,1,0,0,0,0,0,0,0,0,0,1,0,1,1,1,0,2.0,1,True
15,2,3500000,4,0,1,0,0,0,0,1,0,0,0,0,0,0,0,0,0,0,1,1,0,0,5.5,1,True
7,1,5000000,2,1,0,0,0,0,0,0,0,1,0,0,0,0,0,0,0,0,1,0,0,0,1.0,0,True
9,3,2515000,3,1,0,0,0,0,0,0,0,0,0,0,0,0,0,1,1,1,1,0,0,0,1.6667,1,True
10,2,8400000,3,0,0,1,0,0,0,1,0,0,0,0,0,0,0,0,0,0,1,1,0,0,2.0,1,True
5,2,4900000,3,1,0,0,0,0,0,0,1,0,0,0,0,0,0,0,0,0,1,1,0,0,1.0,1,False
3,1,5000000,1,0,0,0,0,1,1,0,0,0,0,0,0,0,0,0,1,0,0,0,0,0,5.0,1,False
2,1,11000000,0,0,1,0,0,0,0,0,0,0,0,0,0,0,0,1,0,0,0,0,1,0,3.0,1,True
7,2,2000000,2,1,0,0,0,0,1,0,0,0,0,0,0,0,0,0,0,1,1,0,0,0,8.5,1,True
2,2,10800000,1,0,1,0,0,0,0,0,0,1,0,0,0,0,0,0,1,0,1,0,0,0,2.0,1,False
5,1,7660000,3,1,0,0,0,0,0,0,0,0,0,0,0,0,0,1,0,0,1,0,0,0,6.0,1,True
5,4,48730000,3,0,0,1,0,0,1,0,0,0,0,0,0,0,0,0,1,0,1,1,1,0,3.0,1,True
1,2,3350000,1,1,0,0,0,0,0,0,0,0,0,0,0,0,0,1,0,1,1,0,0,0,2.5,1,False
3,4,28000000,2,1,0,0,0,0,0,0,0,0,0,0,1,0,0,0,1,0,0,1,1,0,3.0,1,False
5,1,2500000,1,0,0,0,1,0,0,0,0,0,0,0,0,0,0,1,0,0,1,0,0,0,2.0,1,True
16,2,8000000,4,0,0,0,0,1,0,1,0,0,0,0,0,0,0,0,0,0,1,1,0,0,4.0,1,True
6,2,540000,2,0,1,0,0,0,0,1,0,0,0,0,0,0,0,0,0,1,0,0,0,0,2.5,1,True
4,2,3100000,4,1,0,0,0,0,0,0,0,0,0,1,0,0,0,0,0,1,1,0,0,0,2.0,1,True
8,2,1200000,2,0,1,0,0,0,0,0,1,0,0,0,0,0,0,0,0,1,1,0,0,0,6.0,1,True
2,1,5000000,1,0,1,0,0,0,0,0,0,0,0,1,0,0,0,0,0,0,1,0,0,0,2.0,0,False
6,6,37079000,1,1,0,0,0,0,0,0,0,0,0,0,0,0,0,1,1,0,0,0,1,1,3.8,1,True
5,2,5000000,0,1,0,0,0,0,0,0,1,0,0,0,0,0,0,0,1,1,0,0,0,0,1.0,1,False
3,4,4200000,3,0,1,0,0,0,1,0,0,0,0,0,0,0,0,0,0,1,1,0,0,0,3.0,1,True
3,1,4100000,3,0,0,0,0,1,0,1,0,0,0,0,0,0,0,0,1,0,0,0,0,0,1.0,1,False
3,1,2000000,2,1,0,0,0,0,0,1,0,0,0,0,0,0,0,0,0,0,0,0,0,0,1.0,0,False
3,1,6500000,1,0,0,0,0,1,1,0,0,0,0,0,0,0,0,0,1,0,0,0,0,0,1.0,1,True
0,1,4000000,0,1,0,0,0,0,0,1,0,0,0,0,0,0,0,0,0,0,1,0,0,0,3.0,0,False
3,5,185000,1,1,0,0,0,0,0,0,1,0,0,0,0,0,0,0,1,1,0,0,0,0,2.0,1,False
5,1,1300000,2,0,0,0,0,1,0,0,1,0,0,0,0,0,0,0,0,0,1,0,0,0,1.0,0,True
4,1,2500000,3,0,0,1,0,0,0,0,0,0,0,0,0,0,0,1,0,0,1,0,0,0,2.0,1,True
11,2,9200000,2,0,0,0,1,0,0,1,0,0,0,0,0,0,0,0,0,0,1,1,0,0,1.0,1,True
0,4,435953,0,1,0,0,0,0,0,1,0,0,0,0,0,0,0,0,0,1,0,0,0,0,1.0,0,False
2,1,10000000,1,0,0,0,0,1,1,0,0,0,0,0,0,0,0,0,1,0,0,0,0,0,1.0,0,True
3,1,12000,1,0,0,0,0,1,0,0,0,0,0,1,0,0,0,0,0,1,0,0,0,0,1.0,1,False
3,2,2257464,0,0,0,0,0,1,0,0,0,0,0,0,0,1,0,0,1,0,0,0,0,0,1.0,0,False
4,2,983000,2,0,1,0,0,0,0,0,0,0,0,0,0,0,0,1,0,1,0,0,0,0,6.0,1,True
15,2,41000000,2,1,0,0,0,0,0,0,0,0,0,0,0,0,0,1,0,0,0,1,1,0,1.5,1,True
0,3,9100000,0,0,0,0,1,0,1,0,0,0,0,0,0,0,0,0,1,0,0,1,1,0,1.0,0,False
6,3,25500100,3,1,0,0,0,0,1,0,0,0,0,0,0,0,0,0,1,0,0,1,0,0,2.5,1,False
3,1,400000,2,1,0,0,0,0,0,1,0,0,0,0,0,0,0,0,0,1,0,0,0,0,1.0,1,True
4,1,500000,2,1,0,0,0,0,0,0,0,0,0,0,0,0,0,1,0,0,1,0,0,0,4.0,1,True
6,2,4700000,1,0,0,0,0,1,0,0,0,0,0,0,0,0,0,1,1,0,1,0,0,0,1.0,1,True
1,1,30000000,1,0,0,1,0,0,0,0,0,0,0,0,1,0,0,0,1,0,0,0,0,0,2.0,1,True
13,5,39000000,1,0,0,1,0,0,1,0,0,0,0,0,0,0,0,0,0,0,0,1,1,1,3.25,1,True
10,3,32000000,1,1,0,0,0,0,0,0,0,0,0,0,0,0,0,1,0,0,0,0,0,1,3.0,1,True
7,3,42000000,0,0,0,1,0,0,0,0,0,0,1,0,0,0,0,0,0,0,1,1,1,0,2.6667,1,True
5,3,24510540,2,1,0,0,0,0,0,0,0,1,0,0,0,0,0,0,1,0,1,1,0,0,2.6667,1,True
0,1,2500000,0,1,0,0,0,0,1,0,0,0,0,0,0,0,0,0,1,0,0,0,0,0,2.0,1,False
1,3,21460663,2,0,0,0,0,1,1,0,0,0,0,0,0,0,0,0,0,0,0,1,1,1,4.5,1,True
6,1,15000000,0,0,1,0,0,0,0,0,0,0,0,1,0,0,0,0,0,0,0,0,1,0,4.0,1,True
5,2,889999,2,1,0,0,0,0,0,0,1,0,0,0,0,0,0,0,1,1,0,0,0,0,3.5,1,False
6,1,16000000,1,1,0,0,0,0,1,0,0,0,0,0,0,0,0,0,0,0,0,1,0,0,3.0,1,True
5,1,7000000,4,1,0,0,0,0,0,1,0,0,0,0,0,0,0,0,0,0,0,1,0,0,2.0,1,True
3,2,100000,0,0,1,0,0,0,0,0,0,0,1,0,0,0,0,0,0,1,0,0,0,0,1.0,0,False
13,1,1500000,3,0,1,0,0,0,0,0,0,0,0,0,0,0,0,1,0,0,1,0,0,0,1.0,0,True
19,1,8000000,4,0,0,0,0,1,0,1,0,0,0,0,0,0,0,0,1,0,0,0,0,0,1.0,1,True
3,1,25000,0,1,0,0,0,0,0,1,0,0,0,0,0,0,0,0,0,1,0,0,0,0,1.0,0,False
10,2,12100000,1,1,0,0,0,0,0,1,0,0,0,0,0,0,0,0,0,0,1,1,0,0,1.0,1,False
9,2,20000000,1,1,0,0,0,0,1,0,0,0,0,0,0,0,0,0,0,0,0,0,1,1,4.5,1,True
10,4,49600000,1,0,0,0,1,0,0,0,0,0,0,0,0,0,0,1,0,0,0,1,1,0,2.6667,1,False
3,5,51450000,1,1,0,0,0,0,0,0,0,0,0,1,0,0,0,0,1,0,0,0,0,1,5.6667,1,True
7,2,6300000,1,1,0,0,0,0,0,0,0,0,0,0,0,0,0,1,0,0,1,1,0,0,2.0,1,True
8,1,200000,3,0,1,0,0,0,0,0,1,0,0,0,0,0,0,0,0,1,0,0,0,0,2.0,1,False
2,1,20000,1,0,0,0,0,1,0,0,0,0,0,0,0,0,0,1,0,1,0,0,0,0,1.0,0,False
13,2,11600000,3,0,0,1,0,0,0,0,0,0,0,0,0,0,0,1,0,0,1,0,1,0,2.0,1,True
6,1,9150000,2,1,0,0,0,0,0,1,0,0,0,0,0,0,0,0,0,0,1,0,0,0,2.0,1,True
2,1,1200000,2,0,0,0,0,1,0,0,0,0,1,0,0,0,0,0,0,0,1,0,0,0,4.0,1,False
4,1,1700000,2,1,0,0,0,0,0,0,0,0,0,0,0,0,0,1,0,0,0,0,0,0,7.0,1,False
9,3,1415000,4,1,0,0,0,0,0,0,0,0,0,0,0,0,0,1,1,1,0,0,0,0,1.0,1,True
16,2,4200000,2,1,0,0,0,0,0,0,0,1,0,0,0,0,0,0,0,0,1,1,0,0,1.5,1,True
7,2,500000,2,0,0,1,0,0,0,1,0,0,0,0,0,0,0,0,0,1,1,0,0,0,2.0,0,True
1,1,21500000,0,0,0,0,1,0,0,0,0,0,0,0,0,0,0,1,0,0,0,0,1,0,4.0,1,True
4,2,10000000,2,0,0,0,0,1,0,1,0,0,0,0,0,0,0,0,0,0,1,0,0,0,2.0,0,True
7,2,9500000,1,1,0,0,0,0,1,0,0,0,0,0,0,0,0,0,0,0,1,1,0,0,2.5,1,False
4,2,13875001,0,0,0,0,0,1,0,0,0,0,0,0,0,0,0,1,0,0,0,0,0,0,10.0,1,False
5,1,275000,1,0,0,0,0,1,1,0,0,0,0,0,0,0,0,0,0,1,0,0,0,0,2.0,0,False
10,3,19743770,1,1,0,0,0,0,1,0,0,0,0,0,0,0,0,0,0,0,0,1,1,0,2.5,1,True
5,5,1178000,1,0,0,1,0,0,1,0,0,0,0,0,0,0,0,0,0,1,0,0,0,0,5.0,1,True
5,3,25000000,2,1,0,0,0,0,0,0,0,0,0,0,0,0,0,1,0,0,1,1,0,0,2.0,1,True
1,3,24150000,0,0,0,0,0,1,0,0,0,0,0,0,0,0,0,1,1,0,1,1,0,0,2.0,1,True
11,2,36000000,3,1,0,0,0,0,0,0,0,0,0,0,0,0,0,1,0,0,1,1,0,0,3.5,1,True
1,1,205000,0,0,0,0,0,1,0,0,0,0,0,0,0,0,0,1,0,1,0,0,0,0,1.0,0,False
1,1,2000000,1,1,0,0,0,0,0,1,0,0,0,0,0,0,0,0,0,0,0,0,0,0,1.0,0,False
15,1,4000000,2,0,1,0,0,0,0,0,1,0,0,0,0,0,0,0,0,0,1,0,0,0,3.0,1,False
2,1,500000,2,0,1,0,0,0,0,0,0,0,0,0,1,0,0,0,0,1,0,0,0,0,1.0,1,False
9,1,4000000,2,0,0,0,1,0,0,0,0,0,0,0,0,0,0,1,0,0,1,0,0,0,2.0,1,False
8,2,9030000,2,0,1,0,0,0,0,1,0,0,0,0,0,0,0,0,0,1,1,0,0,0,4.0,1,False
2,1,20000,1,1,0,0,0,0,0,0,0,0,0,0,0,0,0,1,0,1,0,0,0,0,1.0,0,False
3,3,14700000,2,0,0,1,0,0,0,0,0,0,0,0,0,0,0,1,1,0,0,1,0,0,1.0,0,True
4,3,430000,2,1,0,0,0,0,0,0,0,0,0,1,0,0,0,0,0,1,0,0,0,0,1.6667,0,True
5,2,1015000,1,1,0,0,0,0,0,0,0,1,0,0,0,0,0,0,1,0,1,0,0,0,1.0,0,True
2,1,1200000,1,1,0,0,0,0,0,1,0,0,0,0,0,0,0,0,1,0,0,0,0,0,2.0,1,False
16,2,17100000,4,0,0,0,0,1,0,1,0,0,0,0,0,0,0,0,0,0,1,1,0,0,2.5,1,True
0,1,50000000,1,0,0,0,0,1,0,1,0,0,0,0,0,0,0,0,1,0,0,0,0,0,4.0,1,True
3,1,900000,0,1,0,0,0,0,1,0,0,0,0,0,0,0,0,0,0,0,1,0,0,0,1.0,1,False
7,1,6000000,2,1,0,0,0,0,0,0,0,0,0,0,0,0,0,1,0,0,1,0,0,0,1.0,1,False
5,2,15100000,3,0,1,0,0,0,0,0,0,0,1,0,0,0,0,0,0,1,1,0,0,0,1.0,0,True
15,4,14800000,3,1,0,0,0,0,0,0,1,0,0,0,0,0,0,0,1,0,0,1,1,0,2.25,1,True
1,1,30000,0,0,0,0,1,0,1,0,0,0,0,0,0,0,0,0,0,1,0,0,0,0,1.0,0,False
10,1,22200000,1,1,0,0,0,0,0,0,0,0,0,0,0,0,0,1,0,0,0,0,0,0,9.0,1,False
6,2,415000,2,0,0,0,0,1,0,0,0,0,0,0,0,0,0,1,0,1,0,0,0,0,1.0,1,True
16,4,27063781,4,0,1,0,0,0,0,1,0,0,0,0,0,0,0,0,0,0,1,1,1,0,3.5,1,True
6,1,3100000,1,1,0,0,0,0,0,0,0,0,1,0,0,0,0,0,0,0,1,0,0,0,5.0,1,True
13,2,33000000,4,0,0,0,0,0,0,0,0,0,0,0,0,0,0,1,0,0,1,1,0,0,2.5,1,False
2,3,17400000,2,1,0,0,0,0,0,1,0,0,0,0,0,0,0,0,1,0,0,0,1,0,5.0,1,True
17,5,28300000,4,1,0,0,0,0,0,1,0,0,0,0,0,0,0,0,0,1,1,1,1,1,2.0,1,True
5,3,1525000,2,0,0,0,0,1,0,0,0,0,0,0,1,0,0,0,0,1,0,0,0,0,2.6667,1,True
9,1,1200000,3,0,1,0,0,0,0,0,0,0,0,0,0,0,0,1,0,1,0,0,0,0,5.0,1,True
6,3,12400000,4,1,0,0,0,0,0,1,0,0,0,0,0,0,0,0,1,0,1,1,0,0,1.6667,1,True
1,1,100000,0,0,0,0,0,1,0,0,0,0,0,0,0,1,0,0,1,0,0,0,0,0,1.0,1,False
4,3,11000000,1,1,0,0,0,0,1,0,0,0,0,0,0,0,0,0,1,1,0,1,0,0,1.6667,1,True
3,2,675000,1,0,0,0,0,1,0,1,0,0,0,0,0,0,0,0,0,1,0,0,0,0,1.5,0,True
5,2,13000000,0,1,0,0,0,0,1,0,0,0,0,0,0,0,0,0,0,0,1,1,0,0,2.5,1,True
5,1,3500000,2,0,1,0,0,0,0,0,0,0,0,0,0,0,0,1,0,0,0,0,0,0,2.0,1,True
2,1,12000000,1,0,0,1,0,0,0,0,0,0,0,0,0,0,0,1,0,0,0,0,1,0,4.0,1,False
2,3,15286415,1,0,0,0,0,1,0,0,0,0,0,0,0,0,0,1,0,0,1,0,0,0,1.0,0,True
5,1,3200000,3,1,0,0,0,0,0,1,0,0,0,0,0,0,0,0,0,0,1,0,0,0,1.0,1,True
1,1,30000,1,0,0,0,0,1,0,0,0,0,1,0,0,0,0,0,0,1,0,0,0,0,2.0,0,False
9,2,23500000,1,1,0,0,0,0,1,0,0,0,0,0,0,0,0,0,1,0,0,1,0,0,5.0,1,True
2,1,980000,0,0,0,1,0,0,1,0,0,0,0,0,0,0,0,0,0,0,0,0,0,0,1.0,0,False
0,1,20000000,0,1,0,0,0,0,0,0,0,0,0,0,0,0,0,1,0,0,0,1,0,0,3.0,1,False
4,1,1500000,0,0,0,0,0,1,0,1,0,0,0,0,0,0,0,0,0,0,0,0,0,0,3.0,0,False
0,2,8000000,1,1,0,0,0,0,0,0,0,0,0,1,0,0,0,0,0,0,1,0,0,0,1.5,1,True
13,4,25200000,3,1,0,0,0,0,1,0,0,0,0,0,0,0,0,0,0,0,1,1,1,1,4.0,1,True
12,4,46300000,4,1,0,0,0,0,0,0,0,0,0,1,0,0,0,0,1,0,1,1,1,0,4.25,1,True
15,4,24500000,5,0,0,0,0,1,1,0,0,0,0,0,0,0,0,0,0,0,0,1,1,1,4.3333,1,True
1,2,7500000,1,1,0,0,0,0,0,0,0,0,0,1,0,0,0,0,0,0,1,0,0,0,1.0,0,False
19,1,14500000,3,1,0,0,0,0,0,0,0,1,0,0,0,0,0,0,0,0,0,0,1,0,9.0,1,True
1,1,29000000,1,0,0,0,0,1,0,0,0,0,0,1,0,0,0,0,1,0,0,0,0,0,5.0,1,False
5,3,24000000,1,1,0,0,0,0,0,0,0,0,0,0,0,0,0,1,0,0,1,1,1,0,2.6667,1,True
4,2,1000000,3,1,0,0,0,0,0,0,0,0,0,0,0,0,0,1,0,1,0,0,0,0,4.5,1,True
14,2,12010000,2,0,0,0,0,1,1,0,0,0,0,0,0,0,0,0,1,0,1,0,0,0,2.5,1,True
2,1,22000000,3,0,0,1,0,0,0,0,1,0,0,0,0,0,0,0,0,0,0,0,1,0,4.0,1,True
1,1,42700000,0,1,0,0,0,0,0,0,0,0,0,0,0,1,0,0,0,0,0,1,0,0,3.0,1,False
3,1,205000,3,1,0,0,0,0,0,1,0,0,0,0,0,0,0,0,0,1,0,0,0,0,7.0,1,True
5,1,3750000,2,0,1,0,0,0,0,0,0,0,0,0,0,0,0,1,0,0,1,0,0,0,1.0,1,True
11,2,41000000,2,1,0,0,0,0,0,0,0,0,0,0,0,0,0,1,0,0,1,1,0,0,1.5,1,False
9,2,20000000,2,0,0,1,0,0,0,0,0,1,0,0,0,0,0,0,0,0,1,1,0,0,1.0,1,True
11,2,9356180,4,1,0,0,0,0,0,0,0,0,0,0,0,0,0,1,0,0,1,1,0,0,1.5,1,True
6,1,100000,2,0,1,0,0,0,0,0,0,0,1,0,0,0,0,0,0,1,0,0,0,0,1.0,0,False
9,2,13600000,2,0,0,0,0,1,1,0,0,0,0,0,0,0,0,0,0,0,0,1,1,0,3.0,1,True
19,1,3000000,4,1,0,0,0,0,0,0,0,0,1,0,0,0,0,0,0,0,1,0,0,0,2.0,1,True
4,5,21138876,0,1,0,0,0,0,0,0,0,0,1,0,0,0,0,0,1,0,1,1,0,0,2.0,1,False
13,4,2345000,3,0,0,1,0,0,0,0,0,1,0,0,0,0,0,0,0,1,1,0,0,0,5.75,1,True
7,1,4000000,4,1,0,0,0,0,0,1,0,0,0,0,0,0,0,0,0,0,1,0,0,0,1.0,0,False
2,2,17000000,2,1,0,0,0,0,1,0,0,0,0,0,0,0,0,0,1,0,0,0,1,0,3.0,1,False
8,1,1100000,1,0,1,0,0,0,0,1,0,0,0,0,0,0,0,0,0,1,0,0,0,0,8.0,1,True
3,4,59700,1,0,0,0,0,1,1,0,0,0,0,0,0,0,0,0,0,1,0,0,0,0,1.0,1,True
12,1,2350000,3,1,0,0,0,0,0,0,0,1,0,0,0,0,0,0,0,0,1,0,0,0,2.0,1,True
2,1,10000000,1,0,0,0,0,1,1,0,0,0,0,0,0,0,0,0,0,0,1,0,0,0,2.0,1,False
2,2,21189,1,1,0,0,0,0,0,0,1,0,0,0,0,0,0,0,1,1,0,0,0,0,1.0,1,False
7,3,28000000,2,0,0,1,0,0,1,0,0,0,0,0,0,0,0,0,0,0,1,1,1,0,2.6667,1,True
0,1,9500000,0,1,0,0,0,0,1,0,0,0,0,0,0,0,0,0,1,0,0,0,0,0,2.0,0,False
11,3,23500000,2,0,0,0,0,1,0,0,1,0,0,0,0,0,0,0,1,0,0,1,1,0,3.6667,1,True
6,1,13000000,1,0,0,0,0,1,1,0,0,0,0,0,0,0,0,0,0,0,0,0,0,1,4.0,1,True
8,2,21750000,2,0,1,0,0,0,0,0,0,0,0,1,0,0,0,0,1,0,0,1,0,0,2.0,1,True
0,1,5750000,0,0,0,0,0,1,0,0,0,0,0,0,0,0,0,1,0,0,0,0,1,0,4.0,1,False
1,2,23400000,1,0,0,0,0,1,1,0,0,0,0,0,0,0,0,0,0,0,1,1,0,0,2.5,1,True
4,1,4300000,3,1,0,0,0,0,0,0,0,0,1,0,0,0,0,0,0,0,1,0,0,0,2.0,1,False
1,2,20000000,1,0,0,0,1,0,0,0,0,0,0,0,0,0,0,1,1,0,0,0,1,0,2.0,1,True
16,2,51000000,1,1,0,0,0,0,0,0,0,0,0,0,0,1,0,0,0,0,0,0,1,0,3.5,1,True
2,4,27101994,1,0,0,1,0,0,0,0,0,1,0,0,0,0,0,0,1,0,0,1,0,0,4.6667,1,True
6,1,6480000,1,1,0,0,0,0,0,0,0,0,0,0,0,0,0,1,0,0,0,0,0,1,3.0,1,True
8,2,35000000,2,1,0,0,0,0,0,0,0,1,0,0,0,0,0,0,0,0,1,1,0,0,2.5,1,True
5,3,11300000,2,0,0,1,0,0,0,1,0,0,0,0,0,0,0,0,1,0,0,1,1,0,1.0,1,False
1,1,19000,1,0,0,0,0,1,0,0,0,0,0,0,1,0,0,0,0,1,0,0,0,0,1.0,0,False
4,1,600000,0,0,1,0,0,0,0,1,0,0,0,0,0,0,0,0,0,1,0,0,0,0,2.0,0,False
3,2,13000000,1,0,0,0,0,1,0,0,0,0,0,0,0,0,0,1,0,0,1,1,0,0,1.5,1,True
7,5,43600000,3,1,0,0,0,0,0,0,0,0,0,0,0,0,0,1,0,0,1,1,1,1,3.0,1,False
6,2,2000000,2,1,0,0,0,0,0,1,0,0,0,0,0,0,0,0,1,0,1,0,0,0,1.5,1,True
4,3,26800000,1,0,0,0,1,0,1,0,0,0,0,0,0,0,0,0,0,0,1,1,1,0,3.0,1,True
14,2,11000000,3,1,0,0,0,0,0,0,1,0,0,0,0,0,0,0,0,0,1,1,0,0,2.0,1,True
19,3,31500000,1,1,0,0,0,0,0,0,0,1,0,0,0,0,0,0,0,0,1,1,1,0,3.3333,1,True
4,1,1500000,2,0,0,0,0,1,0,0,0,1,0,0,0,0,0,0,1,0,0,0,0,0,2.0,0,True
5,3,900000,3,0,1,0,0,0,0,0,0,0,0,0,0,0,0,1,0,1,0,0,0,0,1.5,1,False
10,4,29050000,2,0,0,1,0,0,1,0,0,0,0,0,0,0,0,0,1,0,0,1,0,0,2.6667,1,True
3,2,250000,2,0,0,0,0,1,0,0,0,0,0,0,0,0,0,1,0,1,0,0,0,0,1.5,1,True
2,1,21000000,0,1,0,0,0,0,1,0,0,0,0,0,0,0,0,0,0,0,0,0,1,0,4.0,1,False
2,1,500000,1,1,0,0,0,0,0,1,0,0,0,0,0,0,0,0,0,1,0,0,0,0,1.0,0,False
3,2,30920000,1,0,0,0,1,0,0,0,0,0,0,0,0,0,0,1,1,0,0,0,0,0,3.5,1,True
9,4,29288979,1,1,0,0,0,0,1,0,0,0,0,0,0,0,0,0,1,0,1,1,1,0,2.6667,1,True
11,4,24200000,2,0,0,1,0,0,1,0,0,0,0,0,0,0,0,0,1,0,1,0,1,0,2.3333,1,False
4,1,1000000,3,1,0,0,0,0,0,1,0,0,0,0,0,0,0,0,0,0,1,0,0,0,1.0,0,True
3,2,5550000,1,0,0,0,0,1,0,1,0,0,0,0,0,0,0,0,0,1,1,0,0,0,1.0,1,True
8,2,3000000,3,1,0,0,0,0,0,0,1,0,0,0,0,0,0,0,0,1,1,0,0,0,3.5,1,False
13,2,14300000,3,1,0,0,0,0,0,1,0,0,0,0,0,0,0,0,0,0,1,1,0,0,4.5,1,True
0,1,1000000,0,1,0,0,0,0,0,0,0,0,0,0,0,0,0,1,1,0,0,0,0,0,2.0,0,False
7,2,11000000,1,1,0,0,0,0,1,0,0,0,0,0,0,0,0,0,1,0,0,1,0,0,1.5,1,True
7,2,2000000,3,0,1,0,0,0,0,0,0,0,0,0,0,0,0,1,1,1,0,0,0,0,3.0,0,False
17,2,5000000,2,1,0,0,0,0,0,1,0,0,0,0,0,0,0,0,1,1,0,0,0,0,1.0,1,True
12,1,11000000,2,1,0,0,0,0,0,0,0,1,0,0,0,0,0,0,0,0,0,1,0,0,3.0,1,True
19,4,14100000,4,1,0,0,0,0,0,0,0,1,0,0,0,0,0,0,0,1,1,1,0,0,2.25,1,True
8,1,5000000,1,1,0,0,0,0,0,0,0,0,0,0,0,0,0,1,0,0,1,0,0,0,1.0,0,False
1,2,400000,1,0,0,0,0,1,0,1,0,0,0,0,0,0,0,0,0,1,0,0,0,0,1.0,0,False
4,1,10000000,1,1,0,0,0,0,0,0,0,0,0,0,0,1,0,0,0,0,0,0,1,0,1.0,0,True
3,3,11035000,1,0,0,1,0,0,1,0,0,0,0,0,0,0,0,0,1,0,0,1,1,0,1.6667,1,False
9,1,12700000,2,0,0,1,0,0,0,0,0,0,0,0,0,0,0,1,0,0,0,0,0,1,4.0,1,True
3,2,20757182,1,1,0,0,0,0,0,0,0,0,0,0,0,1,0,0,0,0,0,1,0,0,1.0,1,True
5,3,27000000,1,1,0,0,0,0,1,0,0,0,0,0,0,0,0,0,0,0,0,0,0,1,6.0,1,True
7,1,10000000,3,0,1,0,0,0,0,0,0,0,1,0,0,0,0,0,0,0,1,0,0,0,1.0,0,True
4,1,26000000,0,1,0,0,0,0,0,0,0,0,0,0,0,0,0,1,0,0,0,0,0,1,4.0,1,False
2,2,4000000,0,0,0,0,0,1,0,0,0,0,0,0,0,0,0,1,0,0,1,0,0,0,2.0,1,False
3,2,20220000,1,1,0,0,0,0,0,0,0,0,0,0,0,0,0,1,0,0,1,1,0,0,3.0,1,True
7,1,10000000,3,0,1,0,0,0,0,0,0,0,0,1,0,0,0,0,0,0,0,1,0,0,4.0,1,True
8,2,7350000,3,0,1,0,0,0,0,0,0,0,0,1,0,0,0,0,0,0,1,1,0,0,4.5,1,False
1,1,50000,1,1,0,0,0,0,0,0,0,0,0,0,0,0,0,1,0,1,0,0,0,0,1.0,0,False
5,1,1000000,3,0,1,0,0,0,0,0,0,0,0,0,0,0,0,1,0,0,1,0,0,0,7.0,1,False
16,4,45000000,2,1,0,0,0,0,0,0,0,0,0,0,0,0,0,1,0,0,1,1,1,0,2.0,1,False
3,1,500000,2,0,0,0,0,1,0,0,0,0,0,0,1,0,0,0,0,0,1,0,0,0,1.0,1,False
6,2,500000,0,1,0,0,0,0,1,0,0,0,0,0,0,0,0,0,0,0,0,0,0,0,1.0,1,False
2,3,44000000,1,0,0,0,1,0,0,0,0,0,0,0,0,0,0,1,0,0,1,1,1,0,4.0,1,True
4,1,21000000,1,0,0,0,0,1,0,0,0,0,0,0,0,0,0,1,1,0,0,0,0,0,5.0,1,False
12,2,19000000,2,1,0,0,0,0,0,0,0,0,0,1,0,0,0,0,0,0,1,1,0,0,3.5,1,True
0,3,18700000,0,1,0,0,0,0,0,0,0,0,0,0,0,0,0,1,1,0,1,0,0,0,2.0,1,False
6,1,10000000,2,1,0,0,0,0,1,0,0,0,0,0,0,0,0,0,0,0,1,0,0,0,7.0,1,True
5,3,5900000,0,0,0,0,0,1,1,0,0,0,0,0,0,0,0,0,0,1,0,0,0,0,1.0,0,False
13,2,28000000,2,0,0,1,0,0,0,0,0,0,0,0,0,0,0,1,0,0,0,1,1,0,2.0,1,True
4,1,13400000,1,1,0,0,0,0,0,0,0,0,0,0,0,0,0,1,0,0,0,1,0,0,2.0,1,True
18,3,9400000,3,1,0,0,0,0,0,0,0,1,0,0,0,0,0,0,0,1,1,1,0,0,1.5,1,True
10,6,15324624,3,0,0,0,0,1,0,0,0,1,0,0,0,0,0,0,1,1,1,1,0,0,2.5,1,True
3,1,2000000,2,0,0,0,0,1,0,1,0,0,0,0,0,0,0,0,0,0,0,0,0,0,11.0,1,True
3,3,44000000,0,0,0,0,0,1,0,0,0,0,0,0,0,0,0,1,1,0,0,1,1,0,2.3333,1,False
2,2,1175000,1,0,0,0,0,1,1,0,0,0,0,0,0,0,0,0,1,0,0,0,0,0,1.0,0,False
9,3,35150000,1,1,0,0,0,0,0,1,0,0,0,0,0,0,0,0,0,0,1,1,1,0,3.0,1,True
4,3,12000000,2,0,0,1,0,0,1,0,0,0,0,0,0,0,0,0,1,0,1,1,0,0,2.6667,1,True
4,1,30000000,1,1,0,0,0,0,0,0,0,0,0,0,0,1,0,0,0,0,0,0,1,0,9.0,1,True
5,1,8000000,1,1,0,0,0,0,0,0,0,0,0,0,0,0,0,1,0,0,0,1,0,0,2.0,1,True
6,1,4100000,3,1,0,0,0,0,0,0,0,0,1,0,0,0,0,0,0,0,1,0,0,0,2.0,1,True
1,2,2408500,1,0,0,0,0,1,0,0,0,0,0,0,0,0,0,1,0,1,0,0,0,0,3.0,1,False
2,2,18400000,1,0,0,0,0,1,0,0,0,1,0,0,0,0,0,0,1,0,0,0,0,0,1.0,0,False
7,1,29000000,1,0,0,1,0,0,0,0,0,0,0,0,0,1,0,0,1,0,0,0,0,0,7.0,1,True
0,1,8700000,0,0,0,0,0,1,0,0,0,0,0,0,0,0,0,1,0,0,1,0,0,0,2.0,1,False
12,1,10000000,2,0,0,1,0,0,0,0,1,0,0,0,0,0,0,0,0,0,0,0,1,0,7.0,1,True
5,2,15000000,2,0,0,1,0,0,1,0,0,0,0,0,0,0,0,0,0,0,1,1,0,0,2.0,1,True
2,1,2600000,1,1,0,0,0,0,0,0,0,0,0,0,0,0,0,1,0,0,0,0,0,0,1.0,0,False
7,3,4000000,2,0,1,0,0,0,0,1,0,0,0,0,0,0,0,0,0,1,1,0,0,0,2.0,1,True
5,4,12123837,3,0,1,0,0,0,0,0,0,0,0,0,0,0,0,1,0,1,1,0,0,0,4.6667,1,True
18,3,22400000,3,0,0,0,0,1,0,0,1,0,0,0,0,0,0,0,1,0,1,1,0,0,3.3333,1,True
12,2,5700000,3,1,0,0,0,0,0,0,0,1,0,0,0,0,0,0,0,0,1,1,0,0,4.0,1,True
2,2,28500000,0,1,0,0,0,0,0,0,0,0,0,0,0,1,0,0,1,0,0,1,0,0,4.5,1,False
9,2,21000000,1,0,0,1,0,0,1,0,0,0,0,0,0,0,0,0,0,0,1,1,0,0,2.5,1,True
1,1,8000000,1,0,0,0,0,1,1,0,0,0,0,0,0,0,0,0,1,0,0,0,0,0,2.0,0,False
1,1,1500000,1,1,0,0,0,0,0,0,0,0,0,1,0,0,0,0,0,0,1,0,0,0,1.0,1,False
17,3,28300000,4,0,0,1,0,0,0,0,0,0,1,0,0,0,0,0,0,0,1,1,1,0,1.6667,1,True
4,5,7939553,2,1,0,0,0,0,0,1,0,0,0,0,0,0,0,0,1,0,0,1,0,0,2.0,1,True
3,1,545000,0,1,0,0,0,0,0,0,0,0,0,0,0,0,0,1,0,1,0,0,0,0,2.0,1,False
10,3,15247925,1,0,0,1,0,0,0,0,0,0,0,0,0,0,0,1,0,0,0,0,1,1,1.5,1,True
11,3,12800000,2,0,1,0,0,0,0,0,0,0,0,1,0,0,0,0,0,1,1,1,0,0,1.5,1,True
1,2,950000,2,0,0,0,0,1,0,0,1,0,0,0,0,0,0,0,1,0,1,0,0,0,3.0,1,False
6,2,16000000,5,0,0,1,0,0,0,1,0,0,0,0,0,0,0,0,0,0,1,1,0,0,1.0,1,True
2,1,10000000,1,1,0,0,0,0,0,0,0,0,0,0,0,0,0,1,0,0,0,0,1,0,1.0,1,True
5,1,1500000,3,0,1,0,0,0,0,0,0,0,0,0,0,0,0,1,0,0,0,0,0,0,1.0,0,True
6,2,13000000,2,1,0,0,0,0,0,0,0,0,0,0,0,0,0,1,1,0,0,0,1,0,2.0,1,False
6,1,10000000,2,0,1,0,0,0,0,0,0,0,0,0,0,0,0,1,1,0,0,0,0,0,6.0,1,True
9,2,3915000,2,0,1,0,0,0,0,0,0,0,1,0,0,0,0,0,1,0,1,0,0,0,3.0,1,True
7,2,1400000,2,0,1,0,0,0,0,0,0,0,0,0,0,0,0,1,0,1,1,0,0,0,6.0,1,True
6,2,650000,2,0,0,0,0,1,0,0,0,0,0,0,1,0,0,0,1,1,0,0,0,0,1.0,1,False
5,3,9700000,4,0,0,0,1,0,0,0,0,0,0,1,0,0,0,0,1,0,1,0,0,0,1.0,1,False
6,1,15000000,1,1,0,0,0,0,1,0,0,0,0,0,0,0,0,0,0,0,0,0,0,1,3.0,1,True
18,4,38764000,3,1,0,0,0,0,0,0,0,1,0,0,0,0,0,0,1,0,1,1,0,0,2.0,1,True
8,2,20750000,3,1,0,0,0,0,0,0,0,1,0,0,0,0,0,0,0,0,1,1,0,0,2.0,1,True
4,2,1020000,2,1,0,0,0,0,0,0,0,0,0,0,0,0,0,1,0,1,1,0,0,0,2.5,1,True
6,1,13000000,1,0,0,0,1,0,1,0,0,0,0,0,0,0,0,0,0,0,1,0,0,0,4.0,1,False
8,2,14700000,2,0,1,0,0,0,1,0,0,0,0,0,0,0,0,0,0,1,1,0,0,0,4.0,1,True
19,4,33000000,4,1,0,0,0,0,0,0,1,0,0,0,0,0,0,0,0,0,1,1,1,1,1.3333,1,True
5,1,30000000,0,1,0,0,0,0,0,0,0,0,0,0,0,0,0,1,0,0,0,0,1,0,6.0,1,True
10,4,33000000,3,0,0,0,1,0,1,0,0,0,0,0,0,0,0,0,0,0,1,1,1,0,4.0,1,False
1,1,150000,0,0,0,0,0,1,0,0,0,0,0,0,0,0,0,1,0,1,0,0,0,0,1.0,0,False
3,1,20000,1,0,0,1,0,0,0,0,0,0,1,0,0,0,0,0,0,1,0,0,0,0,1.0,0,False
2,3,30926154,0,1,0,0,0,0,0,0,0,0,0,0,0,0,0,1,0,0,0,1,0,0,3.0,1,False
0,1,2000000,0,1,0,0,0,0,0,0,0,0,1,0,0,0,0,0,0,0,0,0,0,0,1.0,0,False
2,2,19000000,1,0,0,1,0,0,1,0,0,0,0,0,0,0,0,0,1,0,0,1,0,0,3.5,1,False
2,3,33000000,1,1,0,0,0,0,0,0,0,0,1,0,0,0,0,0,0,0,1,1,1,0,4.0,1,False
1,3,15650000,1,0,0,0,0,1,0,0,0,0,0,0,0,0,0,1,1,0,0,0,0,0,1.3333,1,True
8,3,17400000,3,1,0,0,0,0,0,1,0,0,0,0,0,0,0,0,0,0,1,1,0,0,2.3333,1,True
5,1,154000,2,1,0,0,0,0,0,0,0,0,0,0,0,0,0,1,0,1,0,0,0,0,1.0,0,False
4,1,35000000,2,1,0,0,0,0,0,1,0,0,0,0,0,0,0,0,0,0,0,0,0,1,3.0,1,False
5,4,7516703,3,0,0,0,0,1,0,0,1,0,0,0,0,0,0,0,1,1,0,0,0,0,1.0,0,False
1,1,48000000,3,0,0,0,1,0,0,0,0,0,0,0,0,0,0,1,1,0,0,0,0,0,5.0,1,False
2,2,125000,1,0,0,0,0,1,0,0,0,0,0,0,0,0,0,1,0,1,0,0,0,0,1.0,0,False
5,1,750000,3,0,0,0,0,1,0,0,0,0,0,0,0,0,0,1,0,1,0,0,0,0,2.0,1,True
10,1,17000000,2,0,0,0,0,1,0,0,0,1,0,0,0,0,0,0,1,0,0,0,0,0,5.0,1,True
4,3,4087500,3,1,0,0,0,0,0,0,0,1,0,0,0,0,0,0,1,1,0,0,0,0,1.0,0,False
3,1,1000000,1,1,0,0,0,0,0,0,0,0,0,0,0,0,0,1,0,0,1,0,0,0,2.0,1,False
13,5,23500000,3,0,0,0,1,0,0,0,0,0,0,0,0,0,0,1,1,0,1,1,1,0,1.75,1,True
2,1,990000,0,1,0,0,0,0,0,1,0,0,0,0,0,0,0,0,0,0,1,0,0,0,2.0,0,False
13,1,1000000,2,0,0,0,0,1,0,0,0,0,1,0,0,0,0,0,0,0,1,0,0,0,3.0,1,True
15,4,41000000,2,0,0,1,0,0,0,0,0,0,0,0,0,0,0,1,1,0,1,1,1,0,1.75,1,True
3,1,7000000,0,0,0,0,0,1,0,0,0,0,0,0,0,0,0,1,0,0,1,0,0,0,1.0,1,False
5,2,5700000,3,1,0,0,0,0,0,0,0,1,0,0,0,0,0,0,0,1,1,0,0,0,4.0,1,True
3,1,10500000,1,0,0,1,0,0,0,0,0,0,0,0,0,0,0,1,0,0,0,0,0,1,4.0,1,True
2,2,23000000,0,0,1,0,0,0,0,0,0,0,0,0,1,0,0,0,1,0,0,0,0,0,3.0,1,False
13,3,14000000,0,0,0,0,0,1,0,0,0,0,0,0,0,0,0,1,0,0,1,1,0,0,3.0,1,True
4,2,7500000,0,1,0,0,0,0,1,0,0,0,0,0,0,0,0,0,0,1,1,0,0,0,2.0,1,True
12,1,1420000,3,0,1,0,0,0,0,0,0,0,0,0,0,0,0,1,0,0,1,0,0,0,16.0,1,True
1,2,9000000,2,0,0,0,0,1,0,0,0,0,0,0,1,0,0,0,1,0,1,0,0,0,1.0,1,False
3,1,500000,0,0,0,0,0,1,0,0,0,0,0,1,0,0,0,0,1,0,0,0,0,0,1.0,1,False
4,2,70000,2,1,0,0,0,0,0,0,0,0,0,0,0,0,0,1,0,1,0,0,0,0,1.0,1,True
3,2,850000,0,1,0,0,0,0,0,0,0,0,0,0,1,0,0,0,0,1,1,0,0,0,1.0,1,False
9,1,15000000,2,1,0,0,0,0,0,0,0,1,0,0,0,0,0,0,1,0,0,0,0,0,1.0,1,True
12,2,3150000,2,1,0,0,0,0,0,1,0,0,0,0,0,0,0,0,0,1,1,0,0,0,11.5,1,True
6,1,5500000,2,1,0,0,0,0,0,0,0,0,0,0,1,0,0,0,0,0,1,0,0,0,8.0,1,False
8,1,10571182,1,1,0,0,0,0,0,0,0,0,0,0,0,0,0,1,0,0,1,0,0,0,1.0,0,True
13,1,500000,0,1,0,0,0,0,0,0,0,0,0,0,0,0,0,1,0,1,0,0,0,0,1.0,0,False
12,2,3529175,3,1,0,0,0,0,0,1,0,0,0,0,0,0,0,0,1,0,1,0,0,0,1.0,0,False
15,4,23400000,3,0,1,0,0,0,0,0,0,0,0,0,0,0,0,1,0,0,1,1,1,0,2.25,1,True
15,1,8800000,3,1,0,0,0,0,0,0,0,0,0,0,0,0,0,1,0,0,0,0,0,1,5.0,1,True
2,1,1500000,1,0,1,0,0,0,0,0,0,0,0,0,0,0,0,1,0,0,0,0,0,0,6.0,1,False
3,3,8800000,2,0,0,0,0,1,0,0,0,0,0,0,0,0,0,1,0,0,1,1,0,0,1.0,0,True
3,2,7100000,3,1,0,0,0,0,0,1,0,0,0,0,0,0,0,0,0,1,1,0,0,0,1.5,1,True
8,3,3500000,6,0,0,1,0,0,0,0,0,0,0,0,1,0,0,0,1,1,1,0,0,0,1.6667,1,True
6,1,3000000,2,1,0,0,0,0,1,0,0,0,0,0,0,0,0,0,0,0,1,0,0,0,2.0,1,True
5,2,11000,1,0,1,0,0,0,0,1,0,0,0,0,0,0,0,0,0,1,0,0,0,0,1.0,0,False
4,3,26200000,1,1,0,0,0,0,0,0,0,0,0,0,0,0,0,1,1,0,0,0,1,0,2.5,1,True
6,2,29000000,3,1,0,0,0,0,1,0,0,0,0,0,0,0,0,0,0,0,0,1,1,0,2.5,1,True
2,1,10000000,0,1,0,0,0,0,1,0,0,0,0,0,0,0,0,0,0,0,0,1,0,0,2.0,0,False
3,1,500000,3,1,0,0,0,0,0,1,0,0,0,0,0,0,0,0,0,1,0,0,0,0,3.0,1,False
3,3,11500000,3,1,0,0,0,0,0,0,0,1,0,0,0,0,0,0,0,1,1,1,0,0,1.5,1,True
8,5,5350000,3,0,0,0,1,0,0,0,0,1,0,0,0,0,0,0,0,1,1,0,0,0,3.0,1,True
8,2,2535000,2,1,0,0,0,0,0,1,0,0,0,0,0,0,0,0,0,1,1,0,0,0,5.0,1,True
4,3,19000000,2,0,0,0,1,0,0,0,0,1,0,0,0,0,0,0,1,0,0,1,1,0,5.3333,1,True
4,3,475000,1,1,0,0,0,0,0,0,0,0,0,0,0,0,0,1,0,1,0,0,0,0,4.0,0,True
16,2,36000000,1,0,1,0,0,0,0,0,0,0,0,1,0,0,0,0,1,0,0,1,0,0,1.0,1,True
4,1,12000000,0,1,0,0,0,0,0,0,0,0,0,1,0,0,0,0,0,0,0,0,1,0,5.0,1,True
8,1,1750000,2,0,1,0,0,0,0,0,0,0,0,0,0,0,0,1,0,0,0,0,0,0,5.0,1,True
3,1,130000,2,0,1,0,0,0,0,1,0,0,0,0,0,0,0,0,0,1,0,0,0,0,1.0,0,True
4,3,13222860,0,0,0,0,0,1,0,0,0,0,0,0,0,0,0,1,1,0,0,0,0,0,3.0,1,False
10,2,2192000,3,0,0,0,0,1,0,0,0,0,0,0,0,0,0,1,1,0,0,1,0,0,3.0,0,False
4,1,2000000,1,0,0,1,0,0,0,1,0,0,0,0,0,0,0,0,1,0,0,0,0,0,1.0,1,True
11,2,9400000,2,1,0,0,0,0,0,0,0,0,0,0,0,0,0,1,0,0,1,0,0,0,2.0,1,True
2,4,13045000,0,1,0,0,0,0,0,0,0,0,0,0,0,0,0,1,0,0,1,1,0,0,2.0,1,True
8,4,10000000,3,1,0,0,0,0,0,1,0,0,0,0,0,0,0,0,0,0,1,1,1,0,1.25,1,True
7,1,6000000,1,1,0,0,0,0,0,0,0,0,1,0,0,0,0,0,0,0,0,1,0,0,2.0,1,True
3,2,2100000,1,0,0,0,0,1,0,0,1,0,0,0,0,0,0,0,1,1,0,0,0,0,2.0,0,False
3,2,3250000,3,0,0,0,0,1,0,0,0,0,0,0,0,0,0,1,1,0,1,0,0,0,1.0,1,True
10,2,24500000,1,1,0,0,0,0,0,0,0,0,0,0,0,0,0,1,1,0,1,0,0,0,2.0,1,True
4,2,72000,1,0,0,0,0,1,0,0,0,1,0,0,0,0,0,0,0,1,0,0,0,0,1.0,0,False
3,1,10360000,1,1,0,0,0,0,0,0,0,0,0,0,0,0,0,1,0,0,0,0,1,0,5.0,1,False
12,3,1310000,2,0,1,0,0,0,1,0,0,0,0,0,0,0,0,0,0,1,0,0,0,0,6.0,1,True
1,1,150000,1,0,1,0,0,0,0,0,0,0,0,1,0,0,0,0,0,1,0,0,0,0,1.0,0,False
2,1,250000,1,0,0,0,0,1,0,0,0,0,0,0,1,0,0,0,0,1,0,0,0,0,1.0,0,False
6,3,1830000,1,1,0,0,0,0,0,0,0,0,0,0,0,0,0,1,0,1,1,0,0,0,2.0,0,True
10,2,9800000,4,0,0,0,0,1,0,0,0,1,0,0,0,0,0,0,0,0,1,1,0,0,4.5,1,True
15,1,2300000,3,1,0,0,0,0,0,1,0,0,0,0,0,0,0,0,0,0,1,0,0,0,1.0,0,True
3,2,1310000,4,0,0,0,0,1,0,1,0,0,0,0,0,0,0,0,0,1,0,0,0,0,1.0,0,False
4,2,4500000,5,1,0,0,0,0,0,0,0,0,0,1,0,0,0,0,0,1,0,1,0,0,5.5,1,False
5,3,22000000,1,1,0,0,0,0,1,0,0,0,0,0,0,0,0,0,0,0,1,1,1,0,2.6667,1,True
4,3,19000000,1,1,0,0,0,0,0,0,0,1,0,0,0,0,0,0,0,0,1,1,0,0,2.0,1,True
3,1,30000000,1,1,0,0,0,0,0,0,0,0,0,0,0,0,0,1,0,0,0,1,0,0,4.0,1,True
6,2,2250000,2,1,0,0,0,0,0,1,0,0,0,0,0,0,0,0,1,0,0,0,0,0,8.5,1,True
6,1,5500000,0,1,0,0,0,0,0,1,0,0,0,0,0,0,0,0,0,0,1,0,0,0,1.0,1,False
3,1,6000000,2,0,0,0,0,1,0,0,0,0,0,0,0,0,0,1,0,0,1,0,0,0,1.0,1,True
2,2,30150000,3,1,0,0,0,0,0,0,0,0,1,0,0,0,0,0,0,0,1,1,0,0,1.5,1,False
1,2,12000000,0,0,1,0,0,0,0,0,0,0,0,1,0,0,0,0,0,0,1,1,0,0,1.0,0,False
6,2,3500000,2,1,0,0,0,0,1,0,0,0,0,0,0,0,0,0,0,1,1,0,0,0,1.0,0,True
5,1,4000000,3,1,0,0,0,0,1,0,0,0,0,0,0,0,0,0,0,0,1,0,0,0,4.0,1,True
9,2,4000000,0,1,0,0,0,0,0,0,0,0,0,0,0,0,0,1,0,0,1,0,0,0,1.0,1,False
11,2,25000000,1,1,0,0,0,0,1,0,0,0,0,0,0,0,0,0,1,0,0,0,0,0,4.5,1,True
5,3,1420698,1,0,1,0,0,0,0,0,1,0,0,0,0,0,0,0,1,1,0,0,0,0,2.0,1,True
5,2,10000000,1,1,0,0,0,0,0,0,0,0,0,0,0,0,0,1,1,0,1,0,0,0,3.0,1,True
5,2,300000,2,1,0,0,0,0,0,0,0,0,0,1,0,0,0,0,0,1,0,1,0,0,2.0,1,False
4,3,1400000,2,1,0,0,0,0,1,0,0,0,0,0,0,0,0,0,0,1,0,0,0,0,1.0,0,True
4,2,6500000,3,1,0,0,0,0,0,1,0,0,0,0,0,0,0,0,0,0,1,0,0,0,7.0,1,True
8,1,5000000,3,1,0,0,0,0,0,0,0,0,0,0,0,0,0,1,0,0,1,0,0,0,1.0,1,True
6,2,9600000,2,0,0,0,0,1,0,0,0,1,0,0,0,0,0,0,0,0,1,0,0,0,3.0,1,True
14,3,28000000,2,0,0,1,0,0,0,0,0,0,0,0,0,0,0,1,0,0,1,1,1,0,2.6667,1,True
10,2,30000000,3,0,0,0,1,0,0,0,0,0,0,0,0,0,0,1,1,0,0,0,0,0,1.0,0,True
10,2,3500000,2,1,0,0,0,0,0,0,0,0,0,1,0,0,0,0,0,1,1,0,0,0,2.0,0,True
7,1,16700000,2,0,0,1,0,0,0,1,0,0,0,0,0,0,0,0,0,0,1,0,0,0,4.0,0,False
0,1,18000000,0,0,0,0,0,1,0,0,0,0,0,0,0,0,0,1,0,0,0,1,0,0,7.0,1,False
6,1,15000000,1,1,0,0,0,0,0,0,0,0,0,0,0,0,0,1,0,0,0,0,0,1,6.0,1,True
2,2,12000000,0,1,0,0,0,0,0,0,0,0,0,0,0,0,0,1,0,0,1,1,0,0,4.0,1,False
1,1,15000,1,0,0,0,0,1,0,0,0,0,0,0,1,0,0,0,0,1,0,0,0,0,1.0,0,False
11,1,200000,3,0,0,0,0,1,0,0,0,0,0,0,0,0,0,1,1,0,0,0,0,0,1.0,0,True
0,1,15000000,0,1,0,0,0,0,0,0,0,0,0,0,0,0,0,1,0,0,0,0,1,0,1.0,0,False
4,2,1400000,2,1,0,0,0,0,0,0,0,1,0,0,0,0,0,0,0,1,0,0,0,0,3.0,0,True
5,4,11400000,1,0,1,0,0,0,0,0,0,1,0,0,0,0,0,0,1,0,0,1,0,0,3.0,1,False
14,4,34250000,2,1,0,0,0,0,0,0,0,0,0,0,0,0,0,1,1,0,1,1,1,0,2.25,1,True
4,4,3800000,4,0,0,0,1,0,0,0,0,0,0,0,0,0,0,1,0,1,1,0,0,0,4.75,1,True
3,2,10100000,1,1,0,0,0,0,1,0,0,0,0,0,0,0,0,0,1,0,0,0,1,0,3.0,1,True
0,1,4000000,0,1,0,0,0,0,1,0,0,0,0,0,0,0,0,0,0,0,0,1,0,0,6.0,1,False
11,1,3011408,3,1,0,0,0,0,1,0,0,0,0,0,0,0,0,0,0,0,0,1,0,0,1.0,1,True
2,1,8000000,1,1,0,0,0,0,1,0,0,0,0,0,0,0,0,0,1,0,0,0,0,0,3.0,1,False
15,2,12700000,1,1,0,0,0,0,0,0,0,0,0,0,0,0,0,1,0,0,1,0,0,0,1.5,1,True
5,1,300000,4,1,0,0,0,0,0,0,0,0,0,0,0,0,0,1,0,1,0,0,0,0,2.0,0,False
13,1,1000000,2,1,0,0,0,0,0,0,0,0,1,0,0,0,0,0,0,1,0,0,0,0,5.0,1,True
2,1,125000,0,0,0,0,0,1,0,0,0,1,0,0,0,0,0,0,0,1,0,0,0,0,1.0,0,False
2,2,700000,2,0,0,0,0,1,0,1,0,0,0,0,0,0,0,0,0,1,0,0,0,0,2.5,0,False
6,2,532000,2,0,0,0,0,1,0,0,0,1,0,0,0,0,0,0,0,1,0,0,0,0,5.0,1,True
8,2,8500000,3,1,0,0,0,0,0,1,0,0,0,0,0,0,0,0,0,0,1,1,0,0,1.0,1,True
2,1,9400000,3,0,0,0,0,1,0,0,0,0,0,0,0,0,0,1,0,0,0,1,0,0,1.0,1,True
3,2,350000,1,0,0,0,0,1,0,0,1,0,0,0,0,0,0,0,0,1,0,0,0,0,1.0,1,False
16,2,12300000,3,0,1,0,0,0,0,0,0,1,0,0,0,0,0,0,0,0,0,1,1,0,1.5,1,True
6,5,25413298,1,0,0,1,0,0,0,0,0,0,0,0,0,0,0,1,1,0,1,1,0,0,3.0,1,True
5,2,1015000,2,1,0,0,0,0,0,0,0,0,0,1,0,0,0,0,0,1,0,0,0,0,5.0,1,False
4,5,10000003,2,0,0,0,0,1,0,0,0,1,0,0,0,0,0,0,1,0,1,1,0,0,1.5,1,True
3,2,1750000,2,0,0,0,0,1,0,0,0,0,0,0,0,0,0,1,1,1,0,0,0,0,1.0,1,True
4,1,100000,2,1,0,0,0,0,0,0,0,0,0,0,0,0,0,1,0,1,0,0,0,0,3.0,1,True
1,1,12000000,2,1,0,0,0,0,1,0,0,0,0,0,0,0,0,0,1,0,0,0,0,0,2.0,1,True
16,2,11450000,3,0,1,0,0,0,0,0,0,0,0,0,0,0,0,1,0,1,0,1,0,0,8.5,1,True
7,1,50000,2,1,0,0,0,0,0,0,0,0,1,0,0,0,0,0,0,1,0,0,0,0,3.0,0,False
4,1,20000000,2,1,0,0,0,0,1,0,0,0,0,0,0,0,0,0,0,0,0,1,0,0,4.0,1,False
16,2,42500000,3,0,0,0,1,0,0,0,0,0,0,0,0,0,0,1,0,0,0,0,1,1,5.5,1,True
7,3,22487000,2,1,0,0,0,0,0,0,0,0,0,0,0,0,0,1,1,0,0,1,1,0,2.3333,1,True
3,1,7800000,2,1,0,0,0,0,1,0,0,0,0,0,0,0,0,0,1,0,0,0,0,0,2.0,1,True
5,1,4000000,4,0,0,0,0,1,0,0,1,0,0,0,0,0,0,0,0,0,1,0,0,0,1.0,1,False
5,3,25500000,1,1,0,0,0,0,0,0,0,0,0,0,0,0,0,1,0,0,1,1,0,0,2.6667,1,True
18,6,35200000,3,1,0,0,0,0,0,0,0,0,0,0,0,0,0,1,1,0,1,1,1,0,2.3333,1,True
2,2,10000000,1,0,0,1,0,0,0,0,0,0,0,0,0,0,0,1,1,0,0,0,1,0,2.5,1,False
11,3,22100000,4,1,0,0,0,0,0,0,0,0,0,0,0,0,0,1,1,0,1,1,0,0,2.6667,1,True
4,5,33000000,1,0,0,1,0,0,0,0,1,0,0,0,0,0,0,0,1,0,0,1,1,1,2.0,1,True
9,1,15000000,1,1,0,0,0,0,0,0,0,0,0,0,0,1,0,0,0,0,0,0,0,0,3.0,1,True
6,3,13000000,1,1,0,0,0,0,0,0,1,0,0,0,0,0,0,0,0,0,0,0,0,1,3.0,1,True
5,2,12800000,1,1,0,0,0,0,0,0,1,0,0,0,0,0,0,0,0,0,1,1,0,0,2.5,1,True
6,2,626096,3,0,1,0,0,0,0,0,1,0,0,0,0,0,0,0,1,0,1,0,0,0,1.0,1,False
12,4,20350000,3,0,0,1,0,0,0,0,0,0,0,0,0,0,0,1,0,1,1,1,0,0,3.75,1,True
1,1,10000000,1,1,0,0,0,0,0,0,0,0,0,0,0,0,0,1,1,0,0,0,0,0,3.0,1,False
5,1,425000,3,1,0,0,0,0,0,1,0,0,0,0,0,0,0,0,0,1,0,0,0,0,2.0,1,True
5,3,37891054,1,1,0,0,0,0,0,0,0,0,0,0,0,0,0,1,1,0,0,1,1,0,3.0,1,True
9,5,40000000,1,1,0,0,0,0,0,0,1,0,0,0,0,0,0,0,1,0,1,1,1,0,4.0,1,True
10,3,5550000,4,1,0,0,0,0,0,0,0,0,0,1,0,0,0,0,0,0,1,1,0,0,3.0,1,True
3,1,770000,3,1,0,0,0,0,0,0,1,0,0,0,0,0,0,0,0,1,0,0,0,0,6.0,1,True
0,4,19550000,0,0,0,0,1,0,0,0,0,0,0,0,0,0,1,0,1,0,1,0,0,0,1.0,1,False
6,2,4000000,1,1,0,0,0,0,0,1,0,0,0,0,0,0,0,0,1,0,0,0,0,0,1.0,0,True
14,4,42000000,4,0,0,0,0,1,0,1,0,0,0,0,0,0,0,0,0,0,1,1,1,0,2.3333,1,True
0,1,1900000,0,0,0,0,0,1,0,0,0,0,0,0,0,0,0,1,0,0,1,0,0,0,1.0,1,False
1,1,1310000,1,1,0,0,0,0,0,0,0,0,0,0,0,0,0,1,1,0,0,0,0,0,4.0,1,False
3,1,3000000,1,0,0,0,0,1,0,0,0,0,0,0,0,0,0,1,0,0,1,0,0,0,3.0,0,True
9,4,36000000,3,1,0,0,0,0,1,0,0,0,0,0,0,0,0,0,0,0,1,1,1,1,3.0,1,True
3,1,3000000,1,1,0,0,0,0,1,0,0,0,0,0,0,0,0,0,1,0,0,0,0,0,1.0,0,True
1,1,1300000,3,1,0,0,0,0,0,1,0,0,0,0,0,0,0,0,0,1,0,0,0,0,8.0,1,False
1,1,50000,1,0,0,0,0,1,1,0,0,0,0,0,0,0,0,0,1,0,0,0,0,0,1.0,0,False
15,1,6500000,3,0,1,0,0,0,0,1,0,0,0,0,0,0,0,0,0,0,1,0,0,0,8.0,1,True
5,2,4600000,2,0,0,1,0,0,0,0,0,0,1,0,0,0,0,0,0,1,1,0,0,0,9.0,1,True
5,3,21900000,2,0,0,1,0,0,1,0,0,0,0,0,0,0,0,0,1,0,1,1,0,0,1.6667,1,True
6,1,240000,1,0,1,0,0,0,0,0,0,0,0,1,0,0,0,0,0,1,0,0,0,0,2.0,1,True
17,4,34700000,1,1,0,0,0,0,1,0,0,0,0,0,0,0,0,0,1,0,1,1,0,0,2.25,1,True
4,4,33000000,2,0,0,0,0,1,1,0,0,0,0,0,0,0,0,0,1,0,1,1,1,0,5.3333,1,True
3,2,1800000,2,0,1,0,0,0,0,0,0,0,0,0,0,0,0,1,1,1,0,0,0,0,5.0,1,False
14,3,27300000,4,0,0,0,0,1,0,0,0,0,1,0,0,0,0,0,0,0,1,1,1,0,3.0,1,True
6,2,6760000,2,1,0,0,0,0,0,1,0,0,0,0,0,0,0,0,1,0,0,0,0,0,1.5,1,False
1,1,27500000,0,1,0,0,0,0,0,0,0,0,0,0,0,0,0,1,0,0,0,0,1,0,7.0,1,True
4,1,9000000,0,0,0,0,1,0,0,0,0,0,0,0,0,0,0,1,0,0,0,0,0,1,2.0,1,False
3,1,954000,1,1,0,0,0,0,0,0,0,0,0,0,0,0,0,1,1,0,0,0,0,0,1.0,0,False
17,4,23100000,3,1,0,0,0,0,0,0,0,0,0,0,0,0,0,1,1,0,1,1,1,0,2.0,1,True
9,2,5686383,3,0,1,0,0,0,0,0,1,0,0,0,0,0,0,0,0,0,1,0,0,0,2.0,0,True
4,6,49008830,1,1,0,0,0,0,0,0,0,0,0,0,0,1,0,0,1,0,1,0,1,0,3.0,1,False
10,3,32200000,0,1,0,0,0,0,0,0,1,0,0,0,0,0,0,0,0,0,1,1,1,0,4.0,1,True
3,1,2000000,1,0,0,0,1,0,0,1,0,0,0,0,0,0,0,0,0,0,1,0,0,0,1.0,0,False
5,1,2700000,2,0,1,0,0,0,0,0,0,0,0,1,0,0,0,0,0,0,1,0,0,0,2.0,1,True
6,1,2000000,2,0,0,0,0,1,0,0,0,0,1,0,0,0,0,0,0,0,1,0,0,0,2.0,0,False
16,3,18000000,3,0,1,0,0,0,0,0,0,0,1,0,0,0,0,0,1,0,1,1,0,0,2.3333,1,True
9,1,1100000,2,1,0,0,0,0,0,0,0,0,1,0,0,0,0,0,0,0,1,0,0,0,6.0,1,True
5,1,44000000,1,1,0,0,0,0,0,0,0,0,0,0,0,1,0,0,0,0,0,0,0,1,8.0,1,False
12,2,15500000,2,1,0,0,0,0,1,0,0,0,0,0,0,0,0,0,0,0,1,1,0,0,1.0,1,True
4,1,20000000,1,1,0,0,0,0,0,0,0,0,0,0,0,0,0,1,0,0,0,1,0,0,3.0,1,True
